EmployeeNumber,MonthlyIncome,MonthlyRate,NumCompaniesWorked,Over18,OverTime,PercentSalaryHike,PerformanceRating,RelationshipSatisfaction,StandardHours,StockOptionLevel,TotalWorkingYears,TrainingTimesLastYear,WorkLifeBalance,YearsAtCompany,YearsInCurrentRole,YearsSinceLastPromotion,YearsWithCurrManager
1,,19479,8,Y,Yes,11,3,1,80,0,,0,1,6,4,0,5
2,5130.0,24907,1,Y,No,23,4,4,80,1,10.0,3,3,10,7,1,7
3,2090.0,2396,6,Y,Yes,15,3,2,80,0,,3,3,0,0,0,0
4,,23159,1,Y,Yes,11,3,3,80,0,8.0,3,3,8,7,3,0
5,3468.0,16632,9,Y,No,12,3,4,80,1,6.0,3,3,2,2,2,2
6,3068.0,11864,0,Y,No,13,3,3,80,0,8.0,2,2,7,7,3,6
7,2670.0,9964,4,Y,Yes,20,4,1,80,3,12.0,3,2,1,0,0,0
8,2693.0,13335,1,Y,No,22,4,2,80,1,1.0,2,3,1,0,0,0
9,,8787,0,Y,No,21,4,2,80,0,10.0,2,3,9,7,1,8
10,,16577,6,Y,No,13,3,2,80,2,,3,2,7,7,7,7
11,2426.0,16479,0,Y,No,13,3,3,80,1,6.0,5,3,5,4,0,3
12,4193.0,12682,0,Y,Yes,12,3,4,80,0,10.0,3,3,9,5,0,8
13,2911.0,15170,1,Y,No,17,3,4,80,1,5.0,1,2,5,2,4,3
14,2661.0,8758,0,Y,No,11,3,3,80,1,,2,3,2,2,1,2
15,,12947,5,Y,Yes,14,3,2,80,0,6.0,4,3,4,2,0,3
16,9980.0,10195,1,Y,No,11,3,3,80,1,10.0,1,3,10,9,8,8
17,3298.0,15053,0,Y,Yes,12,3,4,80,2,7.0,5,2,6,2,0,5
18,2935.0,7324,1,Y,Yes,13,3,2,80,2,1.0,2,2,1,0,0,0
19,15427.0,22021,2,Y,No,16,3,3,80,0,31.0,3,3,25,8,3,7
20,3944.0,4306,5,Y,Yes,11,3,3,80,0,6.0,3,3,3,2,1,2
21,4011.0,8232,0,Y,No,18,3,4,80,1,,5,2,4,2,1,3
22,3407.0,6986,7,Y,No,23,4,2,80,0,10.0,4,3,5,3,0,3
23,,21293,0,Y,No,11,3,3,80,0,13.0,4,3,12,6,2,11
24,1232.0,19281,1,Y,No,14,3,4,80,0,0.0,6,3,0,0,0,0
25,2960.0,17102,2,Y,No,11,3,3,80,0,8.0,2,3,4,2,1,3
26,19094.0,10735,4,Y,No,11,3,4,80,1,26.0,3,2,14,13,4,8
27,3919.0,4681,1,Y,Yes,22,4,2,80,0,10.0,5,3,10,2,6,7
28,6825.0,21173,0,Y,No,11,3,4,80,1,10.0,2,3,9,7,4,2
29,10248.0,2094,3,Y,No,14,3,4,80,1,24.0,4,3,22,6,5,17
30,18947.0,22822,3,Y,No,12,3,4,80,0,,2,2,2,2,2,1
31,2496.0,6670,4,Y,No,11,3,4,80,0,7.0,3,3,1,1,0,0
32,6465.0,19121,2,Y,Yes,13,3,4,80,0,,5,4,4,2,1,3
33,2206.0,16117,1,Y,No,13,3,1,80,0,10.0,5,3,10,0,1,8
34,,3335,3,Y,No,14,3,3,80,1,,6,4,1,0,0,0
35,,3020,2,Y,Yes,16,3,1,80,1,6.0,2,2,2,0,2,0
36,2645.0,21923,1,Y,No,12,3,4,80,2,,3,2,5,3,1,4
37,2683.0,3810,1,Y,Yes,14,3,3,80,0,3.0,2,3,3,2,0,2
38,2014.0,9687,1,Y,No,13,3,1,80,0,2.0,3,3,2,2,2,2
39,3419.0,13072,9,Y,Yes,14,3,4,80,1,6.0,3,4,1,1,0,0
40,5376.0,3193,2,Y,No,19,3,1,80,2,10.0,3,3,5,3,1,3
41,1951.0,10910,1,Y,No,12,3,3,80,1,1.0,3,3,1,0,0,0
42,2341.0,19715,1,Y,No,13,3,4,80,1,1.0,6,3,1,0,0,0
43,2293.0,10558,1,Y,No,12,3,3,80,0,1.0,2,2,1,0,0,1
44,8726.0,2975,1,Y,No,15,3,4,80,0,9.0,0,3,9,8,1,7
45,4011.0,10781,1,Y,No,23,4,4,80,0,12.0,2,3,12,8,3,7
46,19545.0,16280,1,Y,No,12,3,4,80,0,23.0,0,3,22,15,15,8
47,4568.0,10034,0,Y,No,20,4,3,80,0,10.0,2,3,9,5,8,7
48,3022.0,10227,4,Y,No,21,4,1,80,0,8.0,1,3,1,0,0,0
49,5772.0,20445,4,Y,Yes,21,4,3,80,0,14.0,4,3,9,6,0,8
50,2269.0,4892,1,Y,No,19,3,4,80,0,1.0,2,3,1,0,0,1
51,5381.0,19294,9,Y,Yes,13,3,4,80,0,23.0,2,3,1,0,0,0
52,3441.0,11179,1,Y,Yes,13,3,3,80,0,2.0,3,2,2,2,2,2
53,5454.0,4009,5,Y,Yes,21,4,3,80,1,9.0,2,2,4,3,1,3
54,9884.0,8302,2,Y,Yes,13,3,3,80,1,,3,3,4,0,2,3
55,4157.0,21436,7,Y,Yes,19,3,3,80,1,5.0,2,2,2,2,0,0
56,13458.0,15146,1,Y,Yes,12,3,3,80,0,15.0,1,3,15,14,8,12
57,9069.0,11031,1,Y,No,22,4,4,80,1,9.0,3,2,9,8,1,8
58,4014.0,16002,3,Y,Yes,15,3,3,80,1,,3,3,2,2,2,2
59,5915.0,9528,3,Y,No,22,4,4,80,1,10.0,3,2,7,7,1,7
60,5993.0,2689,1,Y,No,18,3,3,80,1,7.0,2,4,7,5,0,7
61,6162.0,10877,1,Y,Yes,22,4,2,80,1,9.0,3,3,9,8,7,8
62,2406.0,5456,1,Y,No,11,3,4,80,0,10.0,2,3,10,3,9,9
63,,16701,5,Y,Yes,12,3,4,80,1,,2,2,27,3,13,8
64,7637.0,2354,7,Y,No,11,3,4,80,0,28.0,3,2,21,16,7,9
65,,8202,1,Y,No,13,3,2,80,3,17.0,2,3,17,14,12,8
66,14756.0,19730,2,Y,Yes,14,3,3,80,3,21.0,2,3,5,0,0,2
67,6499.0,22656,1,Y,No,13,3,3,80,0,6.0,3,3,6,5,0,3
68,,18787,2,Y,No,17,3,3,80,1,,2,3,1,0,0,0
69,,5868,4,Y,No,13,3,4,80,1,5.0,2,2,3,2,1,2
70,3388.0,21777,0,Y,Yes,17,3,1,80,1,,0,2,1,0,0,0
71,5473.0,24668,7,Y,No,11,3,4,80,0,,2,2,4,3,1,3
72,2703.0,4956,0,Y,No,23,4,4,80,1,6.0,3,3,5,4,0,4
73,2501.0,18775,1,Y,No,17,3,2,80,0,,4,3,1,1,1,0
74,,7346,1,Y,No,17,3,2,80,2,10.0,3,3,10,4,0,9
75,3038.0,22002,3,Y,No,12,3,2,80,0,5.0,3,3,1,0,0,0
76,4424.0,20682,1,Y,No,23,4,4,80,0,11.0,2,3,11,7,1,8
77,4312.0,23016,0,Y,No,14,3,2,80,0,16.0,2,3,15,13,2,8
78,13245.0,15067,4,Y,Yes,14,3,2,80,0,17.0,3,4,0,0,0,0
79,13664.0,25258,4,Y,No,13,3,1,80,0,16.0,3,4,5,2,0,2
80,5021.0,10425,8,Y,Yes,22,4,4,80,1,,2,3,4,2,0,2
81,5126.0,15998,1,Y,Yes,12,3,3,80,2,10.0,1,2,10,8,3,0
82,2859.0,26278,1,Y,No,18,3,1,80,0,6.0,3,3,6,4,0,4
83,10239.0,18092,3,Y,No,14,3,4,80,1,24.0,4,3,1,0,1,0
84,,15717,7,Y,Yes,12,3,4,80,3,17.0,3,3,13,11,1,9
85,,17736,1,Y,No,15,3,3,80,0,,2,3,5,2,1,3
86,7260.0,21698,4,Y,No,11,3,1,80,0,37.0,3,2,6,4,0,2
87,2322.0,9518,3,Y,No,13,3,3,80,1,,3,3,0,0,0,0
88,2075.0,18725,3,Y,No,23,4,2,80,2,,4,3,4,2,0,3
89,4152.0,15830,1,Y,No,19,3,1,80,3,,3,3,11,10,10,8
90,9619.0,13596,1,Y,No,16,3,4,80,0,9.0,3,3,9,8,4,7
91,13503.0,14115,1,Y,No,22,4,4,80,1,22.0,3,2,22,3,11,11
92,,8423,0,Y,Yes,22,4,4,80,0,11.0,2,1,10,7,1,0
93,,19760,1,Y,Yes,12,3,2,80,3,,4,2,11,8,2,7
94,,3142,2,Y,Yes,13,3,3,80,1,21.0,5,2,10,9,9,5
95,5010.0,24301,1,Y,No,16,3,1,80,0,12.0,0,3,11,8,5,7
96,13549.0,24001,9,Y,No,12,3,1,80,1,16.0,5,1,4,3,0,3
97,4999.0,17519,0,Y,No,21,4,1,80,1,,2,2,3,2,0,2
98,4221.0,8863,1,Y,No,15,3,2,80,0,5.0,3,4,5,4,0,4
99,13872.0,24409,0,Y,No,13,3,3,80,0,,1,2,37,10,1,8
100,2042.0,25043,4,Y,No,12,3,3,80,1,17.0,3,4,3,2,1,2
101,2073.0,23648,4,Y,Yes,22,4,4,80,0,7.0,3,3,3,2,0,2
102,2956.0,15178,1,Y,No,13,3,4,80,0,,2,3,1,0,0,0
103,2926.0,19783,1,Y,Yes,18,3,2,80,0,1.0,5,3,1,0,1,0
104,4809.0,12482,1,Y,No,14,3,3,80,0,,3,3,16,13,2,10
105,5163.0,15850,5,Y,No,14,3,4,80,1,17.0,2,4,1,0,0,0
106,18844.0,21922,9,Y,No,21,4,4,80,1,30.0,3,3,3,2,2,2
107,18172.0,9755,3,Y,Yes,19,3,1,80,0,28.0,1,2,8,3,0,7
108,5744.0,26959,1,Y,Yes,11,3,4,80,0,6.0,1,3,6,4,0,3
109,2889.0,26897,1,Y,No,11,3,3,80,2,2.0,2,3,2,2,2,1
110,2871.0,23785,1,Y,No,15,3,3,80,0,1.0,5,3,0,0,0,0
111,7484.0,25796,3,Y,No,20,4,3,80,0,23.0,1,2,13,12,12,8
112,6074.0,22887,1,Y,Yes,24,4,4,80,0,,3,3,9,7,0,6
113,17328.0,13871,2,Y,Yes,12,3,3,80,0,,3,3,5,3,4,4
114,2774.0,13257,0,Y,No,12,3,3,80,1,6.0,2,3,5,3,1,2
115,4505.0,15000,6,Y,No,15,3,3,80,1,12.0,3,3,1,0,0,0
116,7428.0,14506,2,Y,No,12,3,1,80,0,12.0,3,3,5,3,1,3
117,11631.0,5615,2,Y,No,12,3,4,80,0,14.0,6,3,11,10,5,8
118,9738.0,22952,0,Y,No,14,3,3,80,1,10.0,6,3,9,7,2,8
119,,2561,5,Y,No,22,4,1,80,1,7.0,2,3,1,0,0,0
120,16959.0,19494,1,Y,Yes,12,3,4,80,2,25.0,3,4,25,12,4,12
121,2613.0,22310,1,Y,No,25,4,3,80,3,10.0,2,2,10,7,0,9
122,6146.0,15480,0,Y,No,13,3,1,80,1,8.0,2,4,7,7,0,7
123,,4510,9,Y,Yes,18,3,1,80,3,7.0,2,3,5,4,4,3
124,19537.0,6462,7,Y,No,13,3,3,80,0,23.0,5,3,20,18,15,15
125,6172.0,20739,4,Y,Yes,18,3,2,80,0,12.0,3,2,7,7,7,7
126,2368.0,23300,1,Y,No,19,3,3,80,0,5.0,3,2,5,4,4,3
127,,3465,1,Y,No,12,3,4,80,1,40.0,3,2,40,10,15,6
128,1675.0,26820,1,Y,Yes,19,3,4,80,0,,2,2,0,0,0,0
129,2523.0,19299,0,Y,No,14,3,3,80,1,3.0,2,3,2,1,2,1
130,6567.0,5549,1,Y,No,14,3,3,80,0,16.0,2,2,15,11,5,11
131,4739.0,16090,4,Y,No,12,3,4,80,0,18.0,2,3,3,2,1,2
132,9208.0,6645,4,Y,No,11,3,4,80,0,,3,3,2,2,2,1
133,,24788,3,Y,Yes,11,3,3,80,1,4.0,2,3,2,2,2,2
134,8189.0,21196,3,Y,Yes,13,3,3,80,1,12.0,2,3,9,7,0,7
135,2942.0,8916,1,Y,No,23,4,4,80,1,,3,3,8,7,5,7
136,,2819,6,Y,No,20,4,4,80,2,,0,3,3,2,0,1
137,10650.0,25150,2,Y,No,15,3,4,80,0,18.0,2,3,4,2,0,3
138,5902.0,14590,4,Y,No,14,3,3,80,1,,1,4,15,11,5,9
139,8639.0,24835,2,Y,No,18,3,4,80,0,6.0,3,3,2,2,2,2
140,,13982,0,Y,Yes,19,3,4,80,0,12.0,2,1,11,9,4,7
141,4200.0,10224,7,Y,No,22,4,1,80,0,10.0,2,4,5,4,0,4
142,3452.0,9752,5,Y,No,13,3,2,80,0,9.0,2,2,6,5,0,3
143,,2302,3,Y,Yes,20,4,2,80,0,19.0,2,3,3,2,2,2
144,2632.0,23910,1,Y,No,14,3,3,80,0,5.0,4,2,5,4,0,4
145,,22812,0,Y,No,17,3,4,80,3,9.0,2,4,8,7,0,7
146,3204.0,10415,5,Y,No,14,3,4,80,1,8.0,3,3,3,2,2,2
147,2720.0,11162,0,Y,No,13,3,4,80,0,,3,3,5,3,1,2
148,17181.0,12888,4,Y,No,13,3,2,80,1,21.0,2,2,7,6,7,7
149,2238.0,6961,2,Y,No,21,4,4,80,1,7.0,2,3,5,0,1,4
150,,16102,1,Y,No,14,3,4,80,0,1.0,3,3,1,0,0,0
151,,8504,1,Y,No,11,3,1,80,1,20.0,2,3,20,7,2,13
152,7295.0,11439,1,Y,No,13,3,1,80,2,10.0,3,3,10,8,0,6
153,2306.0,16047,2,Y,Yes,20,4,4,80,1,13.0,3,1,7,7,4,5
154,,10901,8,Y,No,18,3,3,80,1,20.0,2,1,17,9,0,15
155,8998.0,15589,1,Y,No,14,3,4,80,0,9.0,2,3,9,8,3,7
156,4319.0,26283,1,Y,No,13,3,1,80,1,10.0,1,3,10,7,0,9
157,,13983,2,Y,No,17,3,3,80,0,10.0,2,3,1,0,0,0
158,3346.0,11873,4,Y,Yes,20,4,2,80,1,9.0,3,2,1,0,0,0
159,10855.0,8552,7,Y,No,11,3,1,80,1,15.0,2,2,12,11,2,11
160,2231.0,11314,6,Y,No,18,3,4,80,1,,3,3,4,3,1,2
161,2323.0,11992,1,Y,No,24,4,1,80,2,,6,3,2,2,2,2
162,2024.0,5970,6,Y,No,18,3,4,80,1,6.0,1,1,2,2,2,2
163,2713.0,6672,1,Y,No,11,3,3,80,1,5.0,2,1,5,2,0,2
164,9439.0,23402,3,Y,Yes,16,3,2,80,1,12.0,2,1,5,3,1,4
165,2566.0,25326,1,Y,Yes,15,3,4,80,1,1.0,2,2,1,1,0,1
166,19926.0,17053,3,Y,No,15,3,2,80,0,21.0,5,3,5,4,4,4
167,2451.0,4609,4,Y,No,12,3,1,80,1,,2,3,9,8,1,8
168,,8053,2,Y,No,12,3,3,80,1,12.0,2,3,10,9,7,4
169,8686.0,12930,4,Y,No,22,4,3,80,0,12.0,2,4,8,3,0,7
170,3038.0,12430,3,Y,No,20,4,1,80,0,8.0,2,3,5,4,1,4
171,3058.0,13364,0,Y,Yes,16,3,4,80,1,,3,2,5,2,1,1
172,,20989,0,Y,No,21,4,1,80,0,,5,4,0,0,0,0
173,2088.0,15062,4,Y,No,12,3,3,80,0,13.0,3,2,8,7,7,2
174,,11012,1,Y,No,11,3,3,80,2,12.0,4,3,12,9,6,10
175,5006.0,6319,4,Y,Yes,11,3,1,80,1,9.0,3,4,5,4,0,3
176,,13939,4,Y,Yes,18,3,3,80,1,,3,3,2,2,2,2
177,2500.0,10515,0,Y,No,14,3,1,80,0,,2,4,3,1,0,2
178,1102.0,9241,1,Y,No,22,4,3,80,0,1.0,3,2,1,0,1,0
179,10453.0,2137,1,Y,No,25,4,3,80,3,,2,3,24,13,15,7
180,2288.0,6319,1,Y,No,12,3,3,80,0,2.0,3,3,2,2,2,1
181,3929.0,6984,8,Y,Yes,23,4,3,80,1,7.0,0,3,4,2,0,2
182,2311.0,5711,2,Y,No,15,3,4,80,0,9.0,3,3,3,2,1,2
183,3140.0,21728,1,Y,Yes,22,4,4,80,0,4.0,5,2,4,3,0,2
184,3690.0,3425,2,Y,No,15,3,4,80,1,,2,2,3,2,0,2
185,4450.0,26250,1,Y,No,11,3,3,80,2,5.0,3,3,4,2,1,3
186,2756.0,4673,1,Y,No,13,3,4,80,1,8.0,5,3,8,7,1,6
187,19033.0,6499,1,Y,No,14,3,2,80,1,21.0,2,3,20,8,9,9
188,18722.0,13339,8,Y,No,11,3,4,80,0,,3,3,24,15,2,15
189,9547.0,14074,1,Y,No,17,3,3,80,0,,2,2,10,9,1,9
190,13734.0,7192,3,Y,No,18,3,3,80,0,21.0,6,3,7,7,1,0
191,19999.0,5678,0,Y,No,14,3,1,80,1,34.0,5,3,33,18,11,9
192,2279.0,11781,1,Y,No,16,3,4,80,0,7.0,2,2,7,7,0,3
193,5916.0,15497,3,Y,Yes,13,3,1,80,0,8.0,1,3,1,0,0,1
194,2089.0,5228,4,Y,No,14,3,4,80,3,7.0,3,4,5,4,2,2
195,16792.0,20462,9,Y,No,23,4,4,80,1,,1,3,20,8,11,8
196,3564.0,22977,1,Y,Yes,12,3,1,80,1,8.0,3,2,8,7,1,7
197,4425.0,15986,5,Y,No,11,3,4,80,0,10.0,5,3,6,2,1,2
198,5265.0,16439,2,Y,No,16,3,2,80,1,11.0,5,3,5,3,0,2
199,,7259,9,Y,No,14,3,2,80,0,14.0,3,3,1,0,0,0
200,,4185,3,Y,No,18,3,1,80,1,9.0,3,1,7,7,1,7
201,,9679,5,Y,No,19,3,3,80,1,,1,3,2,2,2,0
202,,23793,1,Y,Yes,15,3,1,80,2,7.0,0,3,7,7,1,7
203,,5972,1,Y,Yes,17,3,4,80,1,5.0,4,4,5,3,2,0
204,,16523,8,Y,Yes,15,3,3,80,1,15.0,2,4,7,2,3,7
205,6673.0,11354,7,Y,Yes,19,3,2,80,0,17.0,2,3,1,0,0,0
206,7639.0,24525,1,Y,No,22,4,4,80,3,10.0,3,2,10,4,1,9
207,2328.0,12392,1,Y,Yes,16,3,1,80,1,4.0,2,2,4,2,2,2
208,2153.0,7703,1,Y,No,13,3,1,80,0,,2,3,8,1,1,7
209,,14242,9,Y,No,14,3,4,80,1,5.0,5,1,3,2,0,2
210,9396.0,12368,7,Y,No,16,3,3,80,1,17.0,3,3,4,2,0,3
211,10400.0,25812,1,Y,No,11,3,3,80,0,14.0,2,2,14,8,9,8
212,8474.0,20925,1,Y,No,22,4,3,80,0,12.0,2,3,11,8,5,8
213,,12916,1,Y,No,14,3,4,80,0,7.0,2,3,7,7,0,7
214,12490.0,15736,5,Y,No,16,3,4,80,2,16.0,5,1,10,9,4,7
215,,8556,5,Y,Yes,11,3,3,80,0,8.0,5,3,5,2,0,4
216,13591.0,14674,3,Y,Yes,18,3,3,80,0,16.0,3,3,1,0,0,0
217,6696.0,22967,5,Y,No,15,3,3,80,0,9.0,5,2,6,3,0,1
218,2058.0,19757,0,Y,No,14,3,4,80,0,7.0,1,2,6,2,1,5
219,8865.0,16840,6,Y,No,12,3,4,80,0,,2,3,19,7,12,8
220,5940.0,17011,2,Y,No,14,3,4,80,1,16.0,4,3,6,2,0,5
221,5914.0,9945,8,Y,No,16,3,4,80,0,16.0,3,4,13,11,3,7
222,2622.0,13248,6,Y,No,21,4,4,80,0,7.0,3,3,3,2,1,1
223,12185.0,10056,1,Y,Yes,14,3,3,80,3,10.0,1,3,10,8,0,7
224,10609.0,9647,0,Y,No,12,3,3,80,2,17.0,6,2,16,10,5,13
225,4345.0,4381,0,Y,No,12,3,4,80,1,6.0,2,3,5,4,1,4
226,2177.0,8456,3,Y,No,17,3,1,80,1,,6,3,1,0,0,0
227,,2539,4,Y,No,17,3,3,80,1,13.0,2,3,9,8,5,8
228,7918.0,6599,1,Y,No,14,3,4,80,1,,5,3,11,10,4,1
229,8789.0,9096,1,Y,No,14,3,1,80,0,10.0,3,4,10,7,0,8
230,2389.0,14961,1,Y,Yes,13,3,3,80,0,4.0,3,2,4,3,0,1
231,3212.0,3300,7,Y,No,15,3,2,80,0,6.0,3,2,2,2,2,2
232,19232.0,4933,1,Y,No,11,3,4,80,0,22.0,3,3,22,17,11,15
233,2267.0,25657,8,Y,No,17,3,4,80,0,7.0,2,2,2,2,2,2
234,19517.0,24118,3,Y,No,11,3,3,80,1,32.0,3,2,7,0,0,6
235,,22149,5,Y,Yes,13,3,3,80,1,8.0,2,1,5,4,0,4
236,16064.0,7744,5,Y,Yes,22,4,3,80,1,,3,3,17,13,1,9
237,2707.0,21509,7,Y,No,20,4,1,80,0,13.0,3,4,9,7,1,7
238,19068.0,21030,1,Y,Yes,18,3,4,80,0,33.0,2,4,33,7,15,12
239,3931.0,20990,2,Y,No,11,3,1,80,1,6.0,5,3,4,3,1,2
240,,9571,0,Y,Yes,14,3,4,80,0,4.0,2,1,3,2,1,2
241,,15417,7,Y,No,14,3,3,80,3,7.0,1,3,3,2,1,2
242,4465.0,12069,0,Y,No,18,3,1,80,0,4.0,2,3,3,2,2,2
243,3072.0,19877,2,Y,No,16,3,1,80,2,17.0,2,2,1,0,0,0
244,,24447,1,Y,No,17,3,1,80,2,9.0,3,3,9,8,4,7
245,19202.0,15970,0,Y,No,11,3,3,80,1,25.0,2,3,24,0,1,7
246,13675.0,13523,9,Y,No,12,3,1,80,1,9.0,3,3,2,2,2,2
247,2911.0,14776,1,Y,No,13,3,3,80,1,2.0,2,2,2,2,0,2
248,,23687,6,Y,No,13,3,2,80,1,13.0,3,3,11,9,5,9
249,3920.0,18697,2,Y,No,14,3,1,80,1,17.0,2,2,3,1,0,2
250,6434.0,5118,4,Y,No,17,3,4,80,1,9.0,1,3,3,2,0,2
251,10048.0,22573,6,Y,No,11,3,2,80,2,17.0,5,3,1,0,0,0
252,10938.0,6420,0,Y,No,25,4,4,80,0,20.0,1,3,19,6,11,8
253,,22673,1,Y,No,19,3,1,80,0,6.0,1,3,6,5,1,5
254,6545.0,23016,3,Y,Yes,13,3,3,80,0,,1,3,3,2,0,2
255,6931.0,10732,2,Y,No,14,3,4,80,1,10.0,2,3,3,2,0,2
256,4898.0,7505,0,Y,No,12,3,4,80,2,5.0,3,3,4,2,1,2
257,2593.0,8007,0,Y,Yes,11,3,3,80,1,10.0,4,3,9,6,7,8
258,19436.0,5949,0,Y,No,19,3,4,80,1,22.0,5,3,21,7,3,9
259,2723.0,23231,1,Y,No,11,3,2,80,0,,0,2,1,0,0,0
260,3479.0,11652,0,Y,No,11,3,2,80,0,6.0,2,4,5,4,1,4
261,2794.0,26062,1,Y,No,20,4,3,80,0,5.0,3,1,5,1,0,3
262,5249.0,19682,3,Y,No,18,3,4,80,1,13.0,0,3,8,7,7,5
263,2176.0,19737,4,Y,No,13,3,4,80,0,9.0,5,3,6,2,0,4
264,16872.0,14977,3,Y,Yes,12,3,2,80,1,28.0,2,2,7,7,7,7
265,3485.0,14935,2,Y,No,11,3,3,80,0,5.0,5,1,0,0,0,0
266,,3687,2,Y,No,19,3,2,80,2,,2,3,0,0,0,0
267,,14408,0,Y,No,21,4,2,80,1,10.0,2,3,9,0,7,8
268,,18384,1,Y,No,12,3,4,80,2,6.0,2,3,6,3,1,5
269,13496.0,7501,0,Y,Yes,14,3,2,80,0,21.0,2,3,20,7,4,10
270,3210.0,20251,0,Y,No,11,3,3,80,1,16.0,4,3,15,13,10,11
271,19045.0,18938,0,Y,Yes,14,3,3,80,0,,2,3,36,10,4,13
272,11849.0,10268,1,Y,Yes,12,3,4,80,1,10.0,2,2,10,7,9,9
273,2070.0,2613,1,Y,No,23,4,4,80,1,5.0,3,2,5,2,0,4
274,6502.0,22825,4,Y,No,14,3,2,80,1,,5,4,5,4,0,1
275,3230.0,10531,1,Y,No,17,3,1,80,0,3.0,4,4,3,2,1,0
276,13603.0,11677,2,Y,Yes,18,3,1,80,2,15.0,2,3,5,2,0,2
277,,19100,7,Y,No,18,3,2,80,1,10.0,6,2,7,7,6,2
278,5605.0,19191,1,Y,Yes,24,4,3,80,1,8.0,3,3,8,0,7,7
279,6397.0,26767,1,Y,No,20,4,1,80,1,,6,1,6,5,1,4
280,19144.0,15815,3,Y,No,14,3,1,80,2,28.0,4,2,10,4,1,6
281,,21016,3,Y,Yes,16,3,4,80,3,,5,2,5,3,1,3
282,4907.0,24532,1,Y,No,25,4,3,80,0,20.0,3,3,20,16,11,6
283,,20260,1,Y,No,18,3,1,80,0,10.0,3,2,10,7,0,9
284,5415.0,15972,3,Y,Yes,19,3,4,80,1,12.0,4,3,10,7,0,8
285,4741.0,22722,1,Y,Yes,13,3,3,80,1,5.0,3,3,5,3,3,3
286,2115.0,15881,1,Y,No,12,3,2,80,0,17.0,3,3,17,12,5,7
287,,19920,3,Y,Yes,22,4,4,80,1,19.0,0,1,1,0,0,0
288,5745.0,18899,9,Y,No,14,3,2,80,1,10.0,2,3,2,2,1,2
289,2373.0,14180,2,Y,Yes,13,3,4,80,1,,2,3,3,2,0,2
290,,4488,1,Y,No,21,4,4,80,0,5.0,3,3,5,3,0,2
291,18665.0,25594,9,Y,Yes,11,3,4,80,0,22.0,4,3,3,2,1,2
292,4485.0,26285,4,Y,No,12,3,4,80,0,10.0,2,3,8,0,7,7
293,,3909,1,Y,No,11,3,3,80,1,,5,2,2,2,2,2
294,,8450,1,Y,Yes,12,3,2,80,0,8.0,0,3,8,7,7,4
295,2326.0,11411,1,Y,Yes,12,3,3,80,3,4.0,3,2,4,2,1,2
296,13525.0,14864,5,Y,No,14,3,4,80,1,,2,4,20,4,4,8
297,1420.0,25233,1,Y,No,13,3,3,80,0,0.0,2,3,0,0,0,0
298,,5100,0,Y,No,15,3,3,80,2,12.0,3,2,11,9,6,9
299,3688.0,7122,4,Y,No,18,3,4,80,2,,2,3,1,0,0,0
300,5482.0,16321,5,Y,No,18,3,4,80,1,13.0,3,3,4,1,1,2
301,,15896,1,Y,No,19,3,2,80,0,22.0,2,3,22,10,0,4
302,1200.0,9724,1,Y,No,12,3,1,80,0,0.0,2,3,0,0,0,0
303,5661.0,4824,0,Y,No,19,3,3,80,0,9.0,2,3,8,3,0,7
304,,12241,4,Y,No,11,3,2,80,1,10.0,3,2,8,7,7,7
305,9613.0,10942,0,Y,No,17,3,1,80,3,19.0,5,2,18,10,3,7
306,5674.0,6927,7,Y,No,15,3,3,80,1,11.0,3,3,9,8,0,8
307,5484.0,16985,1,Y,No,14,3,3,80,1,13.0,3,2,13,8,4,8
308,,26707,3,Y,No,17,3,3,80,1,,2,3,10,8,0,1
309,5660.0,17056,2,Y,Yes,13,3,4,80,1,12.0,2,3,5,3,1,2
310,4821.0,10077,0,Y,Yes,12,3,3,80,1,6.0,4,3,5,2,0,3
311,,17822,3,Y,No,12,3,4,80,0,9.0,1,3,2,2,1,0
312,5210.0,20308,1,Y,No,18,3,1,80,1,24.0,2,3,24,9,9,11
313,2695.0,7747,0,Y,Yes,18,3,2,80,1,3.0,2,1,2,2,2,2
314,11878.0,23364,6,Y,No,11,3,2,80,2,12.0,2,3,10,6,8,8
315,,5355,1,Y,Yes,14,3,4,80,0,21.0,3,3,21,9,11,10
316,,10675,0,Y,No,19,3,1,80,0,9.0,5,3,8,7,1,7
317,13964.0,17810,7,Y,Yes,12,3,4,80,0,25.0,2,3,7,1,0,7
318,4941.0,17747,2,Y,No,15,3,1,80,0,11.0,3,2,8,2,7,7
319,2478.0,20938,1,Y,Yes,12,3,2,80,0,4.0,2,2,4,3,1,2
320,,24624,1,Y,Yes,11,3,4,80,0,13.0,2,3,13,12,11,9
321,4478.0,5242,1,Y,Yes,11,3,1,80,0,5.0,3,3,5,4,0,4
322,7547.0,7143,4,Y,No,12,3,4,80,3,13.0,3,3,7,7,1,7
323,5055.0,10557,7,Y,No,16,3,3,80,0,10.0,0,2,7,7,0,7
324,3464.0,24737,5,Y,Yes,13,3,4,80,0,,4,2,3,2,2,2
325,5775.0,11934,1,Y,No,13,3,4,80,2,,2,3,10,8,1,9
326,8943.0,14034,1,Y,No,24,4,1,80,1,10.0,2,3,10,9,8,9
327,,21141,1,Y,No,15,3,1,80,1,21.0,2,3,21,9,13,3
328,5238.0,17778,4,Y,Yes,18,3,1,80,0,12.0,3,2,1,0,0,0
329,4682.0,4317,3,Y,No,14,3,3,80,0,,6,2,7,7,0,1
330,18300.0,16375,4,Y,No,11,3,2,80,1,21.0,2,3,3,2,1,1
331,5257.0,6227,1,Y,No,11,3,2,80,1,,3,4,9,7,0,0
332,6349.0,22107,0,Y,Yes,13,3,4,80,1,6.0,0,3,5,4,1,4
333,,16885,3,Y,No,12,3,4,80,0,,4,2,4,3,0,3
334,9985.0,9262,8,Y,No,16,3,1,80,1,10.0,1,2,1,0,0,0
335,3697.0,9278,9,Y,No,14,3,1,80,2,12.0,3,3,10,9,9,8
336,7457.0,13273,2,Y,Yes,22,4,3,80,3,6.0,2,2,4,3,0,2
337,2119.0,4759,1,Y,Yes,11,3,4,80,0,7.0,4,2,7,7,0,7
338,3983.0,7621,0,Y,No,17,3,3,80,0,4.0,2,3,3,2,2,2
339,,5431,1,Y,No,13,3,3,80,3,,2,3,10,9,1,2
340,6214.0,3415,1,Y,No,18,3,1,80,1,8.0,3,3,8,7,0,7
341,6347.0,23177,7,Y,No,16,3,3,80,2,,2,2,6,2,0,4
342,11510.0,15682,0,Y,Yes,14,3,2,80,1,,3,3,11,10,2,9
343,7143.0,25713,1,Y,Yes,14,3,3,80,0,11.0,2,2,11,9,4,10
344,8268.0,11866,1,Y,Yes,14,3,1,80,2,,2,3,7,7,1,7
345,8095.0,18264,0,Y,No,13,3,4,80,0,17.0,5,3,16,6,0,13
346,2904.0,16092,1,Y,No,12,3,3,80,2,4.0,2,2,4,2,0,2
347,6032.0,10110,6,Y,Yes,15,3,4,80,0,8.0,3,3,5,4,1,2
348,2976.0,25751,3,Y,No,19,3,1,80,0,,3,3,0,0,0,0
349,15992.0,15901,2,Y,No,14,3,2,80,0,16.0,2,3,1,0,0,0
350,4649.0,16928,1,Y,No,14,3,1,80,1,4.0,3,2,4,3,0,2
351,,24017,0,Y,Yes,11,3,3,80,1,4.0,5,3,3,2,1,0
352,2370.0,3956,1,Y,No,13,3,3,80,1,8.0,4,3,8,0,0,7
353,,23978,3,Y,No,21,4,2,80,1,15.0,3,1,0,0,0,0
354,5974.0,17001,4,Y,Yes,13,3,1,80,2,13.0,2,3,7,7,6,7
355,4736.0,6069,7,Y,Yes,12,3,2,80,1,,2,4,2,2,2,2
356,5296.0,20156,1,Y,No,17,3,2,80,1,8.0,3,3,8,7,7,7
357,6781.0,17078,3,Y,No,23,4,2,80,0,14.0,6,3,1,0,0,0
358,2174.0,9150,1,Y,Yes,11,3,3,80,0,3.0,3,3,3,2,1,2
359,6653.0,15276,4,Y,No,15,3,2,80,0,7.0,6,3,1,0,0,0
360,9699.0,7246,4,Y,No,11,3,1,80,1,,2,3,13,9,1,12
361,6755.0,2967,2,Y,No,11,3,3,80,0,15.0,2,3,3,2,1,2
362,2213.0,22495,3,Y,Yes,13,3,3,80,1,10.0,3,3,7,7,1,7
363,2610.0,2851,1,Y,No,24,4,3,80,0,3.0,3,2,3,2,2,2
364,,9150,1,Y,Yes,13,3,2,80,0,,2,3,1,0,0,0
365,3452.0,17663,6,Y,No,20,4,2,80,1,,3,3,5,4,0,3
366,5258.0,16044,2,Y,No,14,3,3,80,0,7.0,2,4,1,0,0,0
367,9355.0,9558,1,Y,No,18,3,3,80,0,,5,3,8,7,7,7
368,10496.0,2755,6,Y,No,15,3,4,80,0,,2,3,4,3,1,3
369,6380.0,6110,2,Y,Yes,12,3,1,80,2,8.0,6,3,6,4,1,0
370,2657.0,7551,0,Y,Yes,16,3,4,80,0,3.0,5,3,2,2,2,2
371,,25422,1,Y,No,15,3,4,80,0,1.0,0,3,1,0,0,0
372,2201.0,18168,9,Y,No,16,3,4,80,0,6.0,4,3,3,2,1,2
373,6540.0,19394,9,Y,No,19,3,3,80,0,10.0,5,3,1,1,0,0
374,,17881,1,Y,No,11,3,2,80,1,5.0,2,3,5,2,0,4
375,5253.0,20750,1,Y,No,16,3,4,80,0,7.0,1,3,7,5,0,7
376,10965.0,12066,8,Y,No,24,4,3,80,0,26.0,2,3,5,2,0,0
377,4936.0,14862,4,Y,No,11,3,3,80,1,18.0,2,2,7,7,0,7
378,2543.0,11868,4,Y,No,13,3,2,80,1,6.0,3,3,2,2,2,2
379,5304.0,4652,8,Y,Yes,13,3,2,80,0,9.0,3,2,5,2,0,4
380,,23258,2,Y,Yes,13,3,3,80,0,30.0,2,3,5,4,1,2
381,4260.0,5915,1,Y,Yes,12,3,4,80,1,5.0,2,4,5,2,0,3
382,2476.0,17434,1,Y,No,18,3,1,80,1,1.0,3,3,1,0,0,0
383,3102.0,6582,0,Y,No,22,4,3,80,0,7.0,2,3,6,4,0,4
384,2244.0,24440,1,Y,No,13,3,4,80,1,2.0,1,3,2,1,1,2
385,7596.0,3809,1,Y,No,13,3,2,80,2,10.0,2,3,10,9,9,0
386,2285.0,3427,9,Y,Yes,23,4,3,80,0,3.0,4,3,1,0,0,0
387,3034.0,26914,1,Y,No,12,3,3,80,1,18.0,2,2,18,7,12,17
388,5715.0,22553,7,Y,No,12,3,3,80,2,,5,3,5,4,1,3
389,2576.0,20490,3,Y,No,16,3,2,80,1,8.0,5,3,5,2,1,2
390,4197.0,21123,2,Y,Yes,12,3,4,80,0,18.0,2,2,1,0,0,1
391,14336.0,4345,1,Y,No,11,3,3,80,1,25.0,3,3,25,10,3,9
392,,13436,6,Y,No,22,4,2,80,1,20.0,3,3,1,0,0,0
393,,8509,4,Y,No,11,3,3,80,1,24.0,4,2,4,2,1,2
394,,12740,9,Y,No,15,3,1,80,1,6.0,3,3,3,2,1,2
395,4306.0,4156,1,Y,No,12,3,2,80,1,13.0,5,1,13,10,3,12
396,2258.0,15238,7,Y,No,20,4,1,80,1,8.0,1,3,3,2,1,2
397,4522.0,2227,4,Y,Yes,14,3,4,80,0,,3,3,5,2,0,2
398,,12090,1,Y,Yes,11,3,2,80,0,5.0,3,3,5,4,1,3
399,4449.0,23866,3,Y,Yes,15,3,1,80,2,15.0,2,3,13,11,10,7
400,2218.0,16193,1,Y,No,12,3,3,80,1,4.0,3,3,4,2,3,2
401,19197.0,8213,1,Y,Yes,14,3,3,80,1,,3,3,21,8,1,6
402,13212.0,18256,9,Y,No,11,3,4,80,3,36.0,0,2,7,7,7,7
403,6577.0,19558,0,Y,No,11,3,2,80,0,6.0,6,3,5,4,4,4
404,,19566,1,Y,No,16,3,3,80,1,10.0,2,3,10,7,0,7
405,4558.0,13535,1,Y,No,12,3,4,80,1,,2,3,10,0,1,8
406,4031.0,9396,5,Y,No,13,3,3,80,1,6.0,5,3,2,2,0,2
407,7969.0,19609,2,Y,Yes,14,3,3,80,0,28.0,4,3,5,4,0,4
408,2654.0,9655,3,Y,No,21,4,4,80,2,8.0,3,2,2,2,0,2
409,16555.0,10310,2,Y,No,13,3,4,80,0,,2,1,5,2,1,4
410,4556.0,12932,2,Y,No,11,3,2,80,1,19.0,3,3,5,4,0,2
411,,24793,2,Y,No,20,4,3,80,0,11.0,2,3,5,4,0,2
412,19566.0,3854,5,Y,No,11,3,4,80,0,,5,1,29,8,11,10
413,4810.0,26314,2,Y,No,14,3,3,80,1,,5,2,10,7,0,8
414,4523.0,4386,0,Y,No,11,3,4,80,3,7.0,4,4,6,5,0,4
415,3202.0,21972,1,Y,Yes,16,3,2,80,0,6.0,4,3,5,3,1,4
416,2351.0,12253,0,Y,No,16,3,4,80,1,3.0,3,2,2,2,1,0
417,1702.0,12106,1,Y,Yes,23,4,3,80,1,,3,3,1,0,0,0
418,18041.0,13022,0,Y,No,14,3,4,80,0,21.0,2,3,20,15,1,12
419,2886.0,3032,1,Y,No,22,4,2,80,2,3.0,3,1,3,2,0,2
420,2097.0,16734,4,Y,No,15,3,3,80,1,9.0,3,1,5,3,1,4
421,11935.0,21526,1,Y,No,18,3,3,80,0,10.0,2,3,10,2,0,7
422,2546.0,18300,5,Y,No,16,3,2,80,0,6.0,2,4,2,2,1,1
423,,18437,1,Y,No,12,3,3,80,0,1.0,3,4,1,0,0,0
424,,2890,0,Y,No,11,3,3,80,0,10.0,3,3,9,8,7,8
425,14118.0,22102,3,Y,No,12,3,3,80,1,32.0,3,2,1,0,0,0
426,17046.0,9314,0,Y,No,15,3,2,80,1,,2,3,27,10,15,7
427,,7181,0,Y,No,14,3,3,80,0,12.0,2,2,11,7,6,7
428,10266.0,2845,4,Y,No,19,3,4,80,0,22.0,5,4,18,13,13,11
429,5070.0,7389,5,Y,No,13,3,3,80,3,20.0,2,3,5,0,0,4
430,17861.0,2288,6,Y,No,13,3,3,80,0,,2,1,3,2,0,1
431,4230.0,19225,0,Y,No,15,3,3,80,0,,2,3,5,4,4,3
432,3780.0,23428,7,Y,No,11,3,3,80,0,19.0,3,3,1,0,0,0
433,2768.0,8416,3,Y,No,12,3,3,80,1,,3,3,7,3,5,7
434,9071.0,11563,2,Y,Yes,19,3,3,80,1,15.0,3,3,3,2,1,2
435,10648.0,14394,1,Y,No,25,4,4,80,1,13.0,6,4,13,8,0,8
436,13610.0,24619,7,Y,Yes,12,3,4,80,0,15.0,2,4,7,6,7,7
437,,6705,7,Y,No,13,3,1,80,3,8.0,2,3,4,3,1,3
438,2983.0,18398,0,Y,No,14,3,1,80,0,4.0,3,3,3,2,1,2
439,7632.0,14295,4,Y,Yes,12,3,3,80,0,10.0,2,3,8,7,0,0
440,9824.0,22908,3,Y,No,12,3,1,80,0,,2,3,1,0,0,0
441,9950.0,11533,9,Y,Yes,15,3,3,80,3,,2,3,3,2,0,2
442,2093.0,9260,4,Y,No,17,3,4,80,1,8.0,4,3,2,2,2,0
443,9980.0,15318,1,Y,No,14,3,4,80,0,10.0,3,2,10,3,9,7
444,3894.0,9129,5,Y,No,16,3,3,80,0,4.0,3,3,2,2,1,2
445,4051.0,19658,2,Y,No,14,3,1,80,1,14.0,2,3,9,7,6,7
446,16835.0,9873,3,Y,No,23,4,4,80,0,37.0,2,3,10,9,7,7
447,6230.0,13430,7,Y,No,14,3,4,80,0,16.0,3,3,14,3,1,10
448,,18659,9,Y,No,11,3,3,80,0,15.0,2,3,11,9,6,9
449,,20364,7,Y,No,15,3,3,80,0,22.0,3,3,20,6,5,13
450,3755.0,17872,1,Y,No,11,3,1,80,1,8.0,3,3,8,3,0,7
451,6582.0,8346,4,Y,Yes,13,3,3,80,0,10.0,2,4,6,5,0,5
452,7406.0,6950,1,Y,Yes,21,4,4,80,1,10.0,5,2,10,9,5,8
453,4805.0,16177,0,Y,No,19,3,2,80,1,9.0,3,4,8,7,3,7
454,,22808,0,Y,Yes,11,3,2,80,1,,2,2,7,7,1,0
455,4262.0,22645,4,Y,No,12,3,2,80,2,8.0,2,4,3,2,1,2
456,16184.0,22578,4,Y,No,19,3,3,80,1,10.0,2,3,6,1,0,5
457,,25291,9,Y,No,21,4,3,80,1,10.0,3,2,5,4,0,1
458,1878.0,8059,1,Y,Yes,14,3,4,80,0,0.0,3,3,0,0,0,0
459,10932.0,11373,3,Y,No,15,3,3,80,1,20.0,2,3,1,0,0,1
460,,2112,2,Y,Yes,17,3,1,80,0,,3,3,8,7,0,7
461,4306.0,4267,5,Y,No,12,3,1,80,2,8.0,5,3,0,0,0,0
462,4859.0,6698,1,Y,No,16,3,4,80,0,5.0,3,3,5,4,0,3
463,5337.0,19921,1,Y,No,12,3,4,80,0,10.0,3,3,10,7,5,7
464,2340.0,23213,1,Y,Yes,18,3,2,80,0,1.0,3,1,1,0,0,0
465,7491.0,23848,4,Y,No,17,3,4,80,0,12.0,3,4,6,5,1,2
466,10527.0,8984,5,Y,No,11,3,4,80,0,28.0,3,2,2,2,1,2
467,16595.0,5626,7,Y,No,16,3,2,80,1,22.0,2,3,18,16,11,8
468,8834.0,24666,1,Y,No,13,3,4,80,1,9.0,6,3,9,5,7,7
469,,22087,3,Y,Yes,12,3,2,80,2,18.0,3,3,10,9,6,9
470,4707.0,23914,8,Y,No,12,3,4,80,0,6.0,2,3,4,2,1,2
471,2400.0,5530,0,Y,No,13,3,3,80,2,,3,3,2,2,2,1
472,9824.0,22174,3,Y,No,19,3,3,80,1,18.0,4,3,1,0,0,0
473,6447.0,15701,6,Y,No,12,3,2,80,1,8.0,2,2,6,5,4,3
474,19502.0,2125,1,Y,Yes,17,3,3,80,1,31.0,5,3,31,9,0,9
475,2725.0,21630,1,Y,Yes,11,3,2,80,2,6.0,3,3,6,5,1,4
476,6272.0,7428,1,Y,No,20,4,4,80,2,6.0,5,4,5,3,1,4
477,2127.0,9100,1,Y,No,21,4,4,80,1,1.0,2,3,1,0,0,0
478,18200.0,7999,1,Y,No,11,3,3,80,1,32.0,2,3,32,5,10,7
479,2096.0,26376,1,Y,No,11,3,3,80,0,,1,3,7,4,0,6
480,2886.0,14168,1,Y,Yes,16,3,4,80,1,6.0,4,3,6,3,1,2
481,,14470,1,Y,No,18,3,3,80,1,1.0,2,4,1,0,0,0
482,3622.0,22794,1,Y,Yes,13,3,4,80,1,6.0,3,3,6,5,1,3
483,,11512,2,Y,No,17,3,3,80,0,9.0,2,1,3,1,1,2
484,3681.0,14004,4,Y,No,14,3,4,80,0,9.0,3,3,3,2,0,2
485,5460.0,6219,4,Y,No,22,4,4,80,2,13.0,4,4,7,7,5,7
486,2187.0,5013,0,Y,No,12,3,3,80,2,,5,2,5,3,0,3
487,,3010,4,Y,Yes,11,3,3,80,1,,3,2,3,0,1,0
488,2836.0,11757,1,Y,No,13,3,4,80,0,1.0,0,4,1,0,0,0
489,4089.0,5718,1,Y,No,13,3,2,80,2,10.0,4,3,10,2,2,2
490,16627.0,2671,4,Y,Yes,14,3,3,80,1,21.0,3,2,1,0,0,0
491,2619.0,14561,3,Y,No,17,3,4,80,0,,3,2,0,0,0,0
492,5679.0,19627,3,Y,Yes,13,3,2,80,1,10.0,3,3,8,7,4,7
493,,17997,7,Y,No,11,3,1,80,1,21.0,3,1,3,2,0,2
494,5985.0,26894,4,Y,No,11,3,2,80,0,10.0,1,4,2,2,0,2
495,,2912,1,Y,Yes,18,3,4,80,2,,3,3,8,2,0,6
496,3041.0,16346,0,Y,No,11,3,2,80,1,5.0,3,3,4,3,0,2
497,,24444,1,Y,No,11,3,3,80,0,3.0,2,3,3,2,1,2
498,19513.0,9358,4,Y,Yes,12,3,1,80,1,,2,4,2,2,0,1
499,2773.0,12145,0,Y,No,20,4,4,80,0,3.0,3,3,2,2,2,2
500,,20431,0,Y,No,12,3,4,80,0,6.0,3,3,5,0,1,2
501,6322.0,18089,1,Y,Yes,12,3,4,80,1,6.0,2,2,6,4,0,5
502,2083.0,22653,1,Y,No,20,4,3,80,1,1.0,2,3,1,0,0,0
503,8381.0,7507,7,Y,No,20,4,4,80,0,18.0,2,4,14,7,8,10
504,2691.0,7660,1,Y,No,12,3,4,80,1,10.0,4,2,10,9,8,8
505,4286.0,5630,2,Y,No,14,3,4,80,2,5.0,4,3,1,1,0,0
506,,17759,1,Y,Yes,13,3,3,80,1,3.0,2,3,3,2,0,2
507,9434.0,9606,1,Y,No,15,3,3,80,1,,2,3,10,7,7,8
508,5561.0,3487,1,Y,No,14,3,1,80,1,6.0,5,2,6,0,1,2
509,6646.0,19368,1,Y,No,13,3,2,80,0,17.0,3,3,17,11,11,8
510,7725.0,5335,3,Y,No,23,4,3,80,1,15.0,2,1,13,11,4,7
511,10725.0,6729,2,Y,No,15,3,3,80,1,16.0,1,4,9,7,7,1
512,8847.0,13934,2,Y,Yes,11,3,3,80,1,13.0,2,3,3,2,0,2
513,2045.0,15174,0,Y,No,13,3,4,80,0,5.0,0,3,4,2,1,1
514,1009.0,26999,1,Y,Yes,11,3,4,80,0,1.0,5,3,1,0,1,1
515,3348.0,3164,1,Y,Yes,11,3,1,80,0,10.0,3,3,10,8,9,7
516,1281.0,16900,1,Y,No,18,3,3,80,2,1.0,3,3,1,0,0,0
517,2819.0,8544,2,Y,No,16,3,1,80,1,5.0,3,4,3,2,0,2
518,,15678,0,Y,No,22,4,3,80,1,,4,3,3,2,1,2
519,4028.0,7791,0,Y,No,20,4,1,80,0,8.0,2,3,7,7,0,5
520,,18959,1,Y,No,18,3,4,80,1,10.0,5,3,10,7,2,8
521,,18597,3,Y,No,12,3,4,80,0,12.0,3,3,2,2,2,2
522,,16673,1,Y,Yes,20,4,2,80,2,6.0,3,3,6,5,0,4
523,4680.0,15232,3,Y,No,17,3,1,80,0,4.0,2,3,1,0,0,0
524,,3297,1,Y,Yes,11,3,3,80,3,20.0,3,3,20,8,3,8
525,8621.0,17654,1,Y,No,14,3,2,80,0,9.0,3,4,8,7,7,7
526,4577.0,24785,9,Y,No,14,3,1,80,0,4.0,3,3,2,2,2,0
527,4553.0,20978,1,Y,No,11,3,1,80,0,20.0,4,3,20,7,11,10
528,,21703,1,Y,No,12,3,4,80,0,10.0,2,2,10,7,0,8
529,6796.0,23452,3,Y,Yes,14,3,1,80,1,18.0,4,3,4,3,1,3
530,7625.0,19383,0,Y,No,13,3,3,80,0,10.0,4,2,9,7,1,8
531,7412.0,6009,1,Y,No,11,3,4,80,0,9.0,3,3,9,7,0,7
532,11159.0,19373,3,Y,No,15,3,4,80,0,10.0,6,3,7,7,7,7
533,,11825,2,Y,No,12,3,4,80,0,20.0,2,3,7,7,1,7
534,10475.0,23772,5,Y,Yes,21,4,3,80,1,,2,3,18,13,1,12
535,14814.0,13514,3,Y,No,19,3,3,80,0,32.0,3,3,5,1,1,3
536,,8861,3,Y,No,15,3,2,80,3,23.0,2,2,21,6,12,6
537,5405.0,11924,8,Y,No,14,3,4,80,0,10.0,1,3,2,2,2,2
538,8793.0,4809,1,Y,No,21,4,3,80,2,,4,2,9,7,1,7
539,19189.0,19562,1,Y,No,12,3,2,80,1,22.0,3,3,22,7,2,10
540,3875.0,9983,7,Y,No,15,3,4,80,1,4.0,2,3,2,2,2,2
541,,3872,7,Y,Yes,13,3,4,80,0,,4,3,7,7,3,7
542,11713.0,20335,9,Y,No,14,3,1,80,1,10.0,2,3,8,7,0,5
543,,15397,4,Y,Yes,14,3,4,80,0,,4,4,1,0,0,0
544,3708.0,2104,2,Y,No,14,3,3,80,0,9.0,5,3,5,2,1,4
545,13770.0,10225,9,Y,Yes,12,3,4,80,2,,2,2,22,2,11,13
546,5304.0,25275,7,Y,No,23,4,4,80,1,,2,2,8,7,7,7
547,2642.0,2755,1,Y,No,11,3,3,80,0,1.0,6,3,1,0,0,0
548,,20366,6,Y,Yes,12,3,4,80,0,7.0,2,3,2,2,2,2
549,6804.0,23683,3,Y,No,18,3,3,80,1,7.0,5,3,2,2,2,2
550,6142.0,7360,3,Y,No,11,3,4,80,0,10.0,2,3,5,1,4,3
551,2500.0,4344,1,Y,No,14,3,4,80,1,5.0,2,4,4,3,0,2
552,6389.0,18767,9,Y,No,15,3,3,80,1,12.0,3,1,8,3,3,6
553,11103.0,20420,7,Y,No,11,3,3,80,0,30.0,1,2,10,7,1,1
554,2342.0,22929,0,Y,Yes,20,4,4,80,0,5.0,2,2,4,2,2,3
555,6811.0,23398,8,Y,No,19,3,1,80,0,9.0,2,1,7,6,0,7
556,2297.0,17967,1,Y,No,14,3,4,80,2,2.0,2,3,2,2,2,2
557,2450.0,10919,2,Y,No,17,3,4,80,0,,4,3,2,2,2,2
558,5093.0,4761,2,Y,No,11,3,1,80,1,16.0,2,4,1,0,0,0
559,5309.0,21146,1,Y,No,15,3,4,80,2,10.0,2,3,10,8,4,7
560,3057.0,20471,6,Y,Yes,13,3,2,80,1,6.0,0,1,1,0,0,1
561,5121.0,4187,3,Y,No,14,3,3,80,1,7.0,3,3,0,0,0,0
562,16856.0,10084,1,Y,No,11,3,1,80,0,34.0,3,4,34,6,1,16
563,2686.0,5207,1,Y,Yes,13,3,3,80,0,10.0,2,2,10,9,7,8
564,6180.0,22807,1,Y,No,23,4,2,80,0,6.0,5,2,6,5,1,4
565,6632.0,12388,0,Y,No,13,3,1,80,0,9.0,3,3,8,7,3,1
566,,19630,1,Y,No,18,3,4,80,0,,3,3,2,2,0,2
567,6397.0,10339,4,Y,Yes,12,3,4,80,0,8.0,2,3,5,4,1,3
568,6274.0,18686,1,Y,No,22,4,3,80,0,6.0,5,3,6,5,1,4
569,,21199,5,Y,Yes,13,3,4,80,1,24.0,2,3,5,2,1,4
570,7587.0,14229,1,Y,No,15,3,2,80,0,10.0,1,3,10,7,0,9
571,4258.0,26589,0,Y,No,18,3,1,80,1,5.0,3,3,4,3,1,2
572,4364.0,5288,3,Y,No,14,3,1,80,1,5.0,2,3,2,2,2,0
573,4335.0,25549,4,Y,No,12,3,1,80,1,,3,2,8,7,1,1
574,5326.0,3064,6,Y,No,17,3,3,80,0,6.0,2,2,4,3,1,2
575,3280.0,13551,2,Y,No,16,3,3,80,0,10.0,2,3,4,2,1,3
576,5485.0,22670,9,Y,Yes,11,3,2,80,2,9.0,4,3,5,3,1,4
577,4342.0,24008,0,Y,No,19,3,2,80,1,5.0,3,3,4,2,1,1
578,2782.0,19905,0,Y,Yes,13,3,2,80,2,6.0,3,2,5,3,4,3
579,,26085,6,Y,Yes,12,3,4,80,0,17.0,2,3,15,7,4,12
580,4381.0,7530,1,Y,No,11,3,3,80,0,6.0,3,3,6,5,1,3
581,2572.0,20317,1,Y,No,16,3,2,80,1,3.0,1,2,3,2,0,2
582,,24375,3,Y,No,21,4,3,80,2,7.0,2,3,2,2,0,2
583,4244.0,9931,1,Y,No,24,4,4,80,1,8.0,2,3,8,7,3,7
584,,13305,5,Y,No,17,3,2,80,1,6.0,1,3,3,2,1,2
585,18430.0,16225,1,Y,No,13,3,2,80,1,24.0,4,2,24,7,14,9
586,1601.0,3445,1,Y,Yes,21,4,3,80,2,,2,3,0,0,0,0
587,2694.0,26551,1,Y,No,11,3,3,80,3,1.0,4,3,1,0,0,0
588,,21821,8,Y,No,20,4,2,80,1,9.0,3,3,5,2,1,4
589,17639.0,6881,5,Y,No,16,3,4,80,0,30.0,3,3,4,3,0,3
590,2319.0,6689,1,Y,Yes,11,3,4,80,1,1.0,1,3,1,0,0,0
591,11691.0,25995,0,Y,No,11,3,4,80,0,14.0,3,4,13,9,3,7
592,5324.0,26507,5,Y,No,15,3,3,80,0,,3,3,3,2,0,2
593,16752.0,12982,1,Y,Yes,11,3,3,80,1,26.0,3,2,26,14,3,0
594,5228.0,23361,0,Y,No,15,3,1,80,1,10.0,2,3,9,7,0,5
595,2700.0,23779,1,Y,No,24,4,3,80,1,10.0,3,3,10,7,0,7
596,19246.0,25761,7,Y,Yes,12,3,4,80,0,,2,3,31,15,13,8
597,,13301,3,Y,No,13,3,3,80,0,7.0,0,3,2,2,2,2
598,,4051,9,Y,Yes,13,3,4,80,1,8.0,4,3,4,3,0,2
599,4382.0,16374,6,Y,No,17,3,4,80,0,,3,2,2,2,2,1
600,2143.0,25527,4,Y,No,13,3,2,80,1,8.0,2,3,5,2,0,4
601,6162.0,19124,1,Y,No,12,3,3,80,1,14.0,3,3,14,13,6,8
602,5094.0,11983,6,Y,No,14,3,4,80,0,10.0,6,3,1,0,0,0
603,6877.0,20234,5,Y,Yes,24,4,2,80,0,12.0,4,2,0,0,0,0
604,,6153,1,Y,No,14,3,4,80,0,1.0,3,3,1,0,0,0
605,4434.0,11806,1,Y,No,13,3,4,80,1,10.0,3,2,9,8,7,8
606,6288.0,4284,2,Y,No,15,3,3,80,1,,3,2,4,3,1,2
607,2553.0,8306,1,Y,No,16,3,3,80,0,6.0,3,3,5,2,1,3
608,7654.0,5860,1,Y,No,18,3,1,80,2,,3,4,9,8,7,7
609,5160.0,21519,4,Y,No,16,3,3,80,0,12.0,3,2,9,7,7,3
610,17159.0,5200,6,Y,No,24,4,3,80,1,,3,3,4,1,1,0
611,12808.0,8842,1,Y,Yes,16,3,2,80,1,9.0,3,3,9,8,0,8
612,10221.0,18869,3,Y,No,21,4,2,80,0,17.0,3,4,8,5,1,6
613,4779.0,3698,1,Y,Yes,20,4,1,80,0,8.0,2,3,8,7,7,5
614,,2243,0,Y,No,19,3,3,80,1,4.0,1,1,3,2,0,2
615,2366.0,20898,1,Y,Yes,14,3,1,80,1,8.0,2,3,8,7,1,7
616,1706.0,16571,1,Y,No,11,3,3,80,3,0.0,6,2,0,0,0,0
617,16307.0,5594,2,Y,No,14,3,3,80,1,29.0,2,2,20,6,4,17
618,5933.0,5197,9,Y,No,12,3,4,80,0,10.0,2,2,5,2,2,3
619,3424.0,21632,7,Y,No,13,3,3,80,0,6.0,3,2,4,3,0,1
620,,21816,1,Y,No,22,4,1,80,1,9.0,5,3,9,8,0,8
621,2559.0,17852,1,Y,No,11,3,4,80,0,,3,2,6,5,1,1
622,6201.0,2823,1,Y,Yes,14,3,4,80,1,18.0,1,2,18,14,4,11
623,,9250,2,Y,No,11,3,3,80,1,8.0,3,2,5,2,0,3
624,3761.0,2373,9,Y,No,12,3,2,80,1,10.0,3,2,5,4,0,3
625,10934.0,20715,7,Y,Yes,18,3,4,80,1,35.0,3,3,5,2,0,4
626,10761.0,19239,4,Y,Yes,12,3,3,80,1,18.0,2,3,5,4,0,2
627,5175.0,22162,5,Y,No,12,3,3,80,1,9.0,3,2,5,3,1,3
628,13826.0,19028,3,Y,No,22,4,3,80,0,,3,3,9,8,0,0
629,6334.0,24558,4,Y,No,19,3,4,80,2,9.0,2,3,1,0,0,0
630,4936.0,23965,1,Y,No,13,3,4,80,1,6.0,6,3,5,1,0,4
631,,19146,6,Y,No,22,4,1,80,2,4.0,2,1,2,2,2,2
632,2818.0,5044,2,Y,Yes,24,4,3,80,1,10.0,2,2,3,2,0,2
633,2515.0,9068,5,Y,Yes,14,3,4,80,0,8.0,2,3,2,1,2,2
634,2342.0,8635,0,Y,No,21,4,3,80,0,6.0,3,3,5,4,0,3
635,4194.0,14363,1,Y,Yes,18,3,4,80,0,5.0,3,3,5,3,0,3
636,10685.0,23457,1,Y,Yes,20,4,2,80,1,17.0,2,3,17,14,5,15
637,2022.0,16612,1,Y,Yes,19,3,1,80,1,,3,2,10,2,7,8
638,2314.0,9148,0,Y,No,12,3,2,80,1,4.0,2,3,3,0,0,2
639,4256.0,18154,1,Y,No,12,3,1,80,0,5.0,1,4,5,2,0,3
640,3580.0,10554,2,Y,No,16,3,2,80,1,7.0,2,3,4,2,0,2
641,3162.0,10778,0,Y,No,17,3,4,80,0,,2,2,5,2,3,4
642,6524.0,8891,1,Y,No,14,3,4,80,1,,3,3,10,8,5,3
643,2899.0,12102,0,Y,No,19,3,4,80,1,3.0,3,3,2,2,1,2
644,5231.0,23726,2,Y,Yes,13,3,2,80,1,17.0,1,2,5,3,1,3
645,2356.0,14871,3,Y,Yes,19,3,2,80,1,8.0,2,3,6,4,0,2
646,2800.0,23522,6,Y,Yes,19,3,3,80,3,5.0,3,3,3,2,0,2
647,,22789,5,Y,No,14,3,3,80,1,28.0,3,3,2,0,2,2
648,10903.0,9129,3,Y,No,16,3,1,80,0,16.0,2,3,13,10,4,8
649,2973.0,21222,5,Y,No,15,3,2,80,1,,3,3,5,4,0,0
650,14275.0,20206,6,Y,No,18,3,3,80,0,33.0,0,3,12,9,3,8
651,5562.0,21782,4,Y,No,13,3,2,80,1,,2,2,5,2,2,2
652,4537.0,17783,0,Y,Yes,22,4,1,80,1,8.0,2,3,7,6,7,7
653,7642.0,4814,1,Y,Yes,13,3,4,80,0,10.0,2,3,10,0,0,9
654,17924.0,4544,1,Y,No,11,3,4,80,1,31.0,3,3,31,6,14,7
655,5204.0,7790,8,Y,No,11,3,3,80,2,,2,3,5,4,0,4
656,2277.0,22650,3,Y,Yes,11,3,3,80,1,7.0,4,4,4,3,0,3
657,2795.0,18016,1,Y,Yes,24,4,3,80,0,1.0,2,1,1,0,0,1
658,2532.0,6054,6,Y,No,14,3,3,80,3,8.0,5,3,4,3,0,3
659,2559.0,7508,1,Y,Yes,13,3,4,80,0,8.0,0,3,8,7,7,1
660,4908.0,24252,1,Y,No,14,3,2,80,0,4.0,3,3,4,2,0,2
661,2380.0,13384,9,Y,Yes,14,3,4,80,1,3.0,3,2,1,0,0,0
662,,23814,4,Y,No,21,4,3,80,1,,2,4,1,0,0,0
663,2044.0,22052,1,Y,No,13,3,4,80,0,,3,2,2,2,0,2
664,2693.0,8870,1,Y,No,19,3,1,80,0,,3,2,1,0,0,0
665,,4821,0,Y,Yes,17,3,1,80,1,17.0,2,2,16,8,4,11
666,,13137,1,Y,Yes,18,3,1,80,0,3.0,3,2,3,2,1,2
667,,10022,0,Y,Yes,19,3,1,80,1,4.0,3,4,3,2,0,2
668,,17725,4,Y,Yes,13,3,3,80,1,10.0,1,2,7,7,1,0
669,2377.0,9834,5,Y,No,18,3,2,80,1,6.0,2,3,2,2,2,2
670,,4303,7,Y,Yes,21,4,4,80,0,8.0,2,1,2,2,2,2
671,2318.0,17808,1,Y,No,19,3,3,80,0,,2,3,1,1,0,0
672,2008.0,6896,1,Y,No,14,3,2,80,2,1.0,3,3,1,0,1,0
673,,7824,7,Y,No,17,3,1,80,0,10.0,6,3,5,4,0,3
674,,3339,3,Y,Yes,11,3,2,80,0,,1,3,3,2,0,2
675,,9255,2,Y,Yes,13,3,4,80,1,24.0,3,3,6,0,0,4
676,2329.0,11737,3,Y,No,15,3,2,80,0,13.0,2,4,7,7,5,2
677,4014.0,19170,1,Y,Yes,25,4,4,80,1,10.0,2,1,10,6,0,7
678,7403.0,22477,4,Y,No,11,3,3,80,1,29.0,3,2,26,9,1,7
679,,5543,4,Y,No,17,3,1,80,2,13.0,2,2,0,0,0,0
680,6932.0,24406,1,Y,No,13,3,4,80,1,9.0,2,2,9,8,0,0
681,4678.0,23293,2,Y,No,18,3,3,80,0,8.0,6,3,6,2,0,1
682,13582.0,16292,1,Y,No,13,3,2,80,1,,3,3,15,12,5,11
683,2332.0,3974,6,Y,No,20,4,3,80,0,,3,3,3,0,0,2
684,2413.0,18798,1,Y,Yes,18,3,3,80,3,1.0,2,3,1,0,0,0
685,9705.0,20652,2,Y,No,12,3,2,80,1,,2,2,1,0,0,0
686,,11148,1,Y,No,12,3,2,80,0,7.0,2,3,7,7,0,7
687,,3119,2,Y,Yes,13,3,3,80,0,20.0,3,3,18,13,2,17
688,2519.0,12287,4,Y,No,21,4,3,80,0,16.0,6,3,11,8,3,9
689,2121.0,9947,1,Y,Yes,13,3,2,80,0,,3,4,1,0,0,0
690,,13008,1,Y,No,19,3,2,80,0,1.0,2,3,1,0,0,0
691,5855.0,17369,0,Y,Yes,11,3,3,80,2,,2,1,9,7,8,5
692,3617.0,25063,8,Y,Yes,14,3,4,80,1,3.0,2,3,1,1,0,0
693,6725.0,13554,1,Y,No,12,3,3,80,1,,2,4,8,7,6,3
694,10325.0,5518,1,Y,Yes,11,3,1,80,1,16.0,6,3,16,7,3,7
695,,12291,0,Y,No,14,3,1,80,0,,3,3,5,0,1,4
696,10609.0,14922,5,Y,No,11,3,3,80,0,17.0,2,1,14,1,11,7
697,4447.0,23163,1,Y,No,12,3,2,80,0,9.0,5,2,9,7,0,8
698,,18203,1,Y,No,15,3,2,80,1,3.0,5,3,3,1,0,2
699,4601.0,6179,1,Y,No,16,3,2,80,0,5.0,3,3,5,2,1,0
700,17099.0,13829,2,Y,No,15,3,2,80,1,26.0,2,2,9,8,7,8
701,2479.0,26227,4,Y,No,24,4,1,80,0,,4,3,1,0,0,0
702,14852.0,13938,6,Y,No,13,3,3,80,1,22.0,3,4,17,13,15,2
703,7264.0,9977,5,Y,No,11,3,1,80,1,10.0,2,4,8,4,7,7
704,,19899,1,Y,Yes,13,3,2,80,0,6.0,1,3,5,3,1,3
705,7823.0,6812,6,Y,No,13,3,2,80,1,12.0,2,3,10,9,0,8
706,7880.0,2560,0,Y,No,18,3,4,80,0,9.0,3,3,8,7,0,7
707,,17071,4,Y,Yes,16,3,4,80,0,22.0,2,2,1,0,0,0
708,5067.0,6759,1,Y,Yes,19,3,3,80,0,20.0,3,4,19,10,2,7
709,5079.0,25952,4,Y,No,13,3,4,80,2,12.0,3,3,7,7,0,7
710,2321.0,10322,0,Y,Yes,22,4,1,80,0,4.0,0,3,3,2,1,2
711,17444.0,20489,1,Y,No,11,3,4,80,0,10.0,2,3,10,8,6,0
712,,11479,6,Y,Yes,20,4,3,80,0,3.0,5,3,0,0,0,0
713,3452.0,17241,3,Y,No,18,3,1,80,0,5.0,4,3,3,2,0,2
714,2270.0,11005,3,Y,No,14,3,4,80,2,8.0,2,3,5,3,0,2
715,17399.0,6615,9,Y,No,22,4,3,80,1,32.0,1,2,5,4,1,3
716,5488.0,20161,1,Y,Yes,13,3,1,80,1,6.0,2,3,6,5,1,2
717,,3735,2,Y,No,17,3,2,80,1,21.0,2,4,18,16,0,11
718,2811.0,12086,9,Y,No,14,3,2,80,1,4.0,2,3,2,2,2,2
719,,14039,1,Y,Yes,15,3,3,80,1,,2,3,9,8,0,8
720,4163.0,8571,1,Y,Yes,17,3,3,80,0,9.0,0,3,9,0,0,7
721,2132.0,11539,4,Y,Yes,11,3,2,80,0,7.0,2,3,5,2,0,1
722,,4161,3,Y,Yes,18,3,4,80,1,22.0,2,3,12,11,1,5
723,,12127,0,Y,No,17,3,2,80,1,3.0,0,2,2,1,0,2
724,10845.0,24208,6,Y,No,13,3,2,80,1,13.0,3,3,8,7,0,7
725,4377.0,24117,1,Y,No,15,3,2,80,2,5.0,6,3,4,2,3,2
726,,10074,1,Y,Yes,24,4,4,80,1,,2,1,4,2,0,2
727,4148.0,11275,1,Y,No,12,3,3,80,1,,1,3,4,3,0,3
728,1051.0,13493,1,Y,No,15,3,4,80,0,0.0,2,3,0,0,0,0
729,10739.0,13943,8,Y,No,11,3,3,80,1,22.0,2,3,10,7,0,8
730,10388.0,6975,1,Y,Yes,11,3,3,80,1,16.0,3,2,16,10,10,1
731,11416.0,17802,0,Y,Yes,12,3,3,80,3,9.0,4,2,8,7,1,7
732,2600.0,18275,1,Y,Yes,15,3,1,80,0,,2,3,1,0,0,0
733,,25725,0,Y,No,17,3,1,80,0,4.0,3,3,3,2,1,2
734,5472.0,3334,1,Y,No,12,3,2,80,0,8.0,2,3,8,7,1,3
735,,6881,1,Y,No,15,3,1,80,1,4.0,3,2,4,3,1,1
736,4240.0,13119,2,Y,No,13,3,4,80,0,19.0,0,3,2,2,2,2
737,10999.0,22245,7,Y,No,14,3,2,80,0,27.0,3,3,15,11,4,8
738,5003.0,23371,6,Y,No,14,3,2,80,0,,6,3,2,2,2,1
739,12742.0,7060,1,Y,No,16,3,3,80,1,21.0,3,3,21,6,11,8
740,,4658,0,Y,No,18,3,2,80,1,4.0,2,3,3,2,2,2
741,,9541,1,Y,No,20,4,1,80,1,3.0,4,2,3,2,1,2
742,18303.0,7770,6,Y,No,13,3,2,80,0,21.0,3,4,1,0,0,0
743,2380.0,20165,4,Y,No,18,3,2,80,0,8.0,5,3,1,0,0,0
744,13726.0,21829,3,Y,Yes,13,3,1,80,0,,4,3,5,3,4,3
745,,14382,5,Y,No,15,3,1,80,0,15.0,2,1,1,0,0,0
746,,12992,3,Y,Yes,14,3,4,80,2,,3,3,8,7,6,7
747,,20284,1,Y,No,22,4,2,80,2,21.0,3,3,21,16,5,10
748,6861.0,4981,8,Y,Yes,12,3,3,80,0,19.0,1,3,1,0,0,0
749,,21813,8,Y,No,18,3,4,80,0,7.0,6,3,2,2,2,2
750,19845.0,25846,1,Y,No,15,3,4,80,1,33.0,3,3,32,14,6,9
751,13320.0,11737,3,Y,Yes,18,3,3,80,1,,2,3,12,11,11,11
752,6347.0,24920,0,Y,No,12,3,1,80,1,,3,3,18,7,0,13
753,2743.0,8269,1,Y,No,16,3,3,80,0,18.0,1,3,17,13,15,14
754,10880.0,5083,1,Y,Yes,13,3,3,80,0,,2,3,21,6,2,8
755,2342.0,21437,0,Y,No,19,3,4,80,0,3.0,2,2,2,2,2,2
756,17650.0,5404,3,Y,No,13,3,2,80,1,26.0,4,4,9,3,1,1
757,4025.0,11135,9,Y,No,12,3,2,80,0,10.0,2,3,8,7,7,7
758,9725.0,12278,0,Y,No,11,3,4,80,1,,2,2,15,1,0,9
759,11904.0,11038,3,Y,Yes,14,3,3,80,1,14.0,1,1,6,4,0,4
760,,8318,1,Y,No,16,3,1,80,0,6.0,3,3,6,3,0,4
761,7525.0,23537,2,Y,No,12,3,1,80,1,,2,3,15,7,6,12
762,4834.0,7858,7,Y,No,14,3,2,80,1,9.0,3,2,1,0,0,0
763,2042.0,15346,6,Y,Yes,14,3,2,80,1,6.0,2,3,3,2,1,2
764,2220.0,18410,1,Y,Yes,19,3,4,80,1,1.0,2,3,1,1,0,0
765,1052.0,23384,1,Y,No,22,4,2,80,0,,5,3,1,0,0,0
766,2821.0,2997,3,Y,No,16,3,1,80,1,8.0,2,3,2,2,2,2
767,,12853,2,Y,Yes,11,3,4,80,1,,2,2,8,1,7,7
768,4107.0,13848,3,Y,No,15,3,1,80,0,8.0,3,2,4,3,0,1
769,8396.0,22217,1,Y,No,14,3,2,80,1,8.0,3,2,7,7,7,5
770,2007.0,25265,1,Y,No,13,3,3,80,2,5.0,5,3,5,3,1,3
771,,21445,9,Y,No,17,3,4,80,2,23.0,0,3,2,2,2,2
772,,8392,6,Y,No,11,3,2,80,1,13.0,4,3,9,4,7,0
773,2942.0,12154,2,Y,No,19,3,2,80,1,18.0,4,3,5,4,0,3
774,,15669,0,Y,No,11,3,2,80,0,15.0,2,2,14,8,7,8
775,16756.0,17323,7,Y,No,15,3,2,80,0,,3,4,9,7,6,2
776,10798.0,5268,5,Y,No,13,3,3,80,1,18.0,5,3,1,0,0,0
777,2323.0,17205,1,Y,Yes,14,3,2,80,0,2.0,3,3,2,2,0,2
778,,17258,1,Y,No,13,3,1,80,0,1.0,6,2,1,0,1,0
779,4615.0,21029,8,Y,Yes,23,4,1,80,3,19.0,2,3,16,13,1,7
780,2461.0,10332,9,Y,Yes,12,3,3,80,3,18.0,2,4,10,0,2,7
781,8722.0,12355,1,Y,No,12,3,1,80,0,10.0,2,2,10,7,1,9
782,3955.0,11141,1,Y,No,16,3,1,80,2,6.0,2,3,5,3,1,3
783,9957.0,9096,0,Y,No,15,3,3,80,1,7.0,1,2,6,2,0,2
784,3376.0,18863,1,Y,No,13,3,3,80,0,10.0,3,3,10,6,0,8
785,8823.0,24608,0,Y,No,18,3,1,80,1,20.0,4,2,19,9,1,9
786,,26542,4,Y,No,20,4,4,80,1,14.0,6,3,11,10,11,1
787,4621.0,5869,1,Y,No,19,3,4,80,3,,4,3,3,2,1,2
788,10976.0,15813,3,Y,No,18,3,2,80,1,23.0,4,3,3,2,1,2
789,3660.0,7909,3,Y,No,13,3,4,80,0,10.0,4,4,8,7,1,7
790,10482.0,2326,9,Y,No,14,3,4,80,1,24.0,1,3,20,6,3,6
791,7119.0,21214,4,Y,No,15,3,3,80,1,9.0,2,3,3,2,1,2
792,9582.0,10333,0,Y,Yes,22,4,1,80,0,,2,3,8,7,4,7
793,4508.0,3129,1,Y,No,22,4,2,80,0,,4,3,13,7,3,8
794,2207.0,22482,1,Y,No,16,3,4,80,1,4.0,5,2,4,2,2,2
795,7756.0,22266,0,Y,No,17,3,3,80,0,7.0,1,2,6,2,0,4
796,6694.0,24223,2,Y,Yes,14,3,3,80,3,8.0,5,3,1,0,0,0
797,3691.0,4605,1,Y,Yes,15,3,2,80,1,7.0,3,4,7,7,5,6
798,2377.0,19373,1,Y,No,20,4,3,80,1,1.0,0,2,1,1,0,0
799,2313.0,2993,4,Y,Yes,20,4,2,80,0,5.0,0,3,2,2,2,2
800,17665.0,14399,0,Y,No,17,3,4,80,1,,3,3,22,6,13,7
801,2596.0,7160,1,Y,No,15,3,1,80,2,1.0,2,3,1,0,0,0
802,,17251,3,Y,Yes,14,3,4,80,0,5.0,4,3,0,0,0,0
803,,13401,0,Y,No,17,3,3,80,1,4.0,3,3,3,2,0,2
804,,22478,3,Y,No,17,3,4,80,3,6.0,2,3,0,0,0,0
805,16885.0,16154,2,Y,No,22,4,3,80,0,27.0,3,2,5,4,2,1
806,5593.0,17970,1,Y,No,13,3,4,80,1,15.0,2,3,15,10,4,12
807,10445.0,15322,7,Y,No,19,3,4,80,0,18.0,4,3,8,6,4,0
808,8740.0,5569,0,Y,Yes,14,3,2,80,2,9.0,2,3,8,7,2,7
809,2514.0,26968,4,Y,No,22,4,1,80,1,11.0,1,3,7,5,1,7
810,7655.0,8039,0,Y,No,17,3,2,80,3,10.0,3,2,9,7,1,7
811,17465.0,15596,3,Y,No,12,3,4,80,1,,3,3,12,9,4,9
812,7351.0,20619,7,Y,No,16,3,3,80,0,10.0,2,3,1,0,0,0
813,,11535,8,Y,No,11,3,3,80,1,18.0,1,3,8,7,0,1
814,12169.0,13547,7,Y,No,11,3,4,80,3,,4,3,18,7,11,5
815,,17544,1,Y,No,14,3,1,80,0,21.0,2,4,20,7,4,9
816,2070.0,25326,1,Y,Yes,11,3,3,80,0,2.0,6,4,2,2,2,2
817,6782.0,8770,9,Y,No,15,3,3,80,0,,2,2,5,4,0,3
818,7779.0,23238,2,Y,No,20,4,1,80,0,,0,3,11,9,0,9
819,2791.0,21981,0,Y,No,12,3,1,80,1,3.0,4,3,2,2,2,2
820,3201.0,19911,0,Y,No,17,3,1,80,0,6.0,2,1,5,3,0,4
821,4968.0,18500,1,Y,No,11,3,4,80,1,5.0,3,3,5,2,0,2
822,13120.0,11879,6,Y,No,17,3,2,80,1,,3,3,9,8,2,3
823,,15834,2,Y,No,11,3,4,80,0,5.0,3,2,3,2,0,2
824,3291.0,17940,0,Y,No,14,3,4,80,2,,2,2,7,5,1,1
825,4272.0,9558,4,Y,No,19,3,1,80,0,16.0,3,3,1,0,0,0
826,5056.0,17689,1,Y,Yes,15,3,3,80,1,10.0,2,2,10,7,1,2
827,2844.0,6004,1,Y,No,13,3,4,80,1,7.0,2,4,7,6,5,0
828,2703.0,22088,1,Y,Yes,14,3,4,80,1,3.0,2,3,3,1,0,2
829,1904.0,13556,1,Y,No,12,3,4,80,0,0.0,0,3,0,0,0,0
830,8224.0,18385,0,Y,Yes,17,3,1,80,0,6.0,3,3,5,2,0,3
831,4766.0,9051,3,Y,Yes,11,3,1,80,1,6.0,4,3,1,0,0,0
832,,6233,1,Y,No,12,3,3,80,1,2.0,5,2,2,2,2,2
833,,17171,7,Y,No,13,3,3,80,2,9.0,2,3,6,2,1,3
834,2539.0,7950,1,Y,No,13,3,3,80,1,,0,3,4,2,2,2
835,,5829,1,Y,No,20,4,1,80,0,6.0,3,2,6,5,1,3
836,4323.0,7108,1,Y,No,17,3,2,80,0,6.0,2,1,5,4,1,4
837,,11162,1,Y,No,13,3,1,80,1,11.0,3,1,11,8,3,10
838,13499.0,13782,9,Y,No,17,3,3,80,0,20.0,3,2,18,7,2,13
839,13758.0,2447,0,Y,Yes,12,3,2,80,0,22.0,2,2,21,9,13,14
840,,2253,7,Y,No,13,3,4,80,0,9.0,3,4,6,4,1,5
841,2258.0,16340,6,Y,No,12,3,2,80,1,,2,3,8,0,1,7
842,3597.0,6409,8,Y,No,22,4,4,80,0,,2,3,4,3,1,2
843,2515.0,22955,1,Y,Yes,11,3,4,80,0,1.0,4,2,1,1,0,0
844,,13421,1,Y,No,22,4,2,80,1,,2,3,8,7,0,7
845,6578.0,2706,1,Y,No,18,3,1,80,1,10.0,3,3,10,3,1,4
846,4422.0,21203,3,Y,Yes,13,3,4,80,1,16.0,3,1,1,1,0,0
847,10274.0,19588,2,Y,No,18,3,2,80,1,,2,4,7,7,6,4
848,5343.0,25755,0,Y,No,20,4,3,80,0,14.0,3,3,13,9,4,9
849,2376.0,26537,1,Y,No,13,3,2,80,1,2.0,2,4,2,2,2,2
850,5346.0,9489,8,Y,No,13,3,2,80,0,,2,2,4,3,1,3
851,2827.0,14947,1,Y,No,12,3,3,80,3,,3,3,1,0,0,0
852,,18575,4,Y,No,13,3,4,80,1,,2,3,5,2,4,2
853,3131.0,26342,1,Y,No,13,3,1,80,1,10.0,5,3,10,8,0,8
854,2552.0,7172,1,Y,No,25,4,3,80,0,1.0,4,3,1,1,0,0
855,4477.0,20100,4,Y,Yes,19,3,3,80,1,7.0,2,2,3,2,0,2
856,6474.0,9961,1,Y,No,13,3,2,80,1,14.0,2,2,14,8,3,11
857,3033.0,12828,1,Y,No,12,3,1,80,0,2.0,2,2,2,2,1,2
858,2936.0,10826,1,Y,Yes,11,3,3,80,0,6.0,4,3,6,4,0,2
859,18606.0,18640,3,Y,No,18,3,2,80,1,,6,3,7,7,4,7
860,2168.0,26933,0,Y,Yes,18,3,1,80,1,,2,2,5,4,1,3
861,2853.0,4223,0,Y,Yes,11,3,2,80,1,,5,3,0,0,0,0
862,,24097,8,Y,No,23,4,1,80,0,28.0,2,3,26,15,15,9
863,2290.0,4279,2,Y,No,13,3,4,80,0,6.0,3,3,0,0,0,0
864,3600.0,8429,1,Y,No,13,3,4,80,1,,2,3,5,4,1,4
865,2107.0,20293,6,Y,No,17,3,1,80,1,5.0,2,1,1,0,0,0
866,4115.0,13192,8,Y,No,19,3,3,80,3,8.0,3,3,4,3,0,3
867,4327.0,25440,5,Y,No,12,3,4,80,3,5.0,2,3,0,0,0,0
868,,9490,2,Y,No,22,4,3,80,1,,3,3,2,2,2,2
869,,12449,1,Y,No,12,3,3,80,3,6.0,2,3,6,5,3,3
870,19081.0,10849,5,Y,No,11,3,1,80,1,25.0,2,3,4,2,0,3
871,,21026,3,Y,Yes,15,3,4,80,3,15.0,2,3,7,7,1,7
872,,3372,1,Y,No,13,3,1,80,1,1.0,3,1,1,0,0,0
873,,4905,1,Y,No,12,3,1,80,1,10.0,3,2,10,7,0,1
874,2741.0,6865,1,Y,No,14,3,3,80,1,7.0,4,3,7,7,1,7
875,3491.0,11309,1,Y,No,13,3,1,80,3,10.0,4,2,10,7,8,9
876,4541.0,7744,1,Y,No,25,4,2,80,0,20.0,3,3,20,11,13,17
877,2678.0,5050,1,Y,No,17,3,4,80,0,,2,3,2,1,2,2
878,,17433,2,Y,No,11,3,3,80,1,12.0,3,2,6,3,1,4
879,6272.0,12858,7,Y,No,16,3,1,80,1,10.0,3,4,4,3,0,3
880,5220.0,10893,0,Y,Yes,18,3,2,80,1,12.0,3,3,11,7,1,9
881,,7331,1,Y,No,20,4,3,80,1,2.0,2,3,2,2,2,2
882,4998.0,2338,4,Y,Yes,14,3,4,80,0,10.0,2,3,8,7,0,7
883,10252.0,4235,2,Y,Yes,21,4,3,80,1,,2,3,7,7,7,7
884,2781.0,6311,0,Y,No,13,3,2,80,1,15.0,5,3,14,10,4,10
885,6852.0,11591,7,Y,No,12,3,2,80,1,7.0,2,4,5,1,1,3
886,4950.0,20623,0,Y,No,14,3,2,80,0,5.0,4,3,4,3,1,1
887,,9369,0,Y,Yes,21,4,1,80,1,12.0,2,3,11,9,5,7
888,13191.0,23281,3,Y,Yes,17,3,3,80,0,20.0,6,3,1,0,0,0
889,10377.0,13755,4,Y,Yes,11,3,2,80,1,16.0,6,2,13,2,4,12
890,2235.0,14377,1,Y,Yes,14,3,4,80,2,9.0,3,2,9,7,6,8
891,10502.0,9659,7,Y,No,17,3,1,80,1,,2,1,5,4,1,4
892,2011.0,19982,1,Y,No,13,3,4,80,1,10.0,5,3,10,5,7,7
893,1859.0,6148,1,Y,Yes,25,4,2,80,0,1.0,2,4,1,1,0,0
894,,5598,1,Y,No,15,3,1,80,3,,5,3,3,2,1,2
895,17779.0,23474,3,Y,No,14,3,1,80,0,36.0,2,3,10,9,0,9
896,6833.0,17089,1,Y,Yes,12,3,4,80,0,6.0,2,2,6,5,0,1
897,6812.0,17198,1,Y,No,19,3,2,80,0,,2,3,10,9,1,8
898,5171.0,16490,5,Y,No,17,3,4,80,0,13.0,2,3,6,1,0,5
899,,18625,3,Y,No,14,3,2,80,1,25.0,2,3,8,7,0,7
900,18711.0,12124,2,Y,No,13,3,3,80,1,23.0,2,4,1,0,0,0
901,,9256,1,Y,No,12,3,3,80,0,12.0,2,2,11,10,0,7
902,2559.0,16620,5,Y,No,11,3,3,80,0,7.0,4,2,1,0,0,0
903,,3208,1,Y,No,11,3,2,80,3,,2,3,5,3,0,3
904,,4204,1,Y,Yes,11,3,2,80,2,6.0,2,3,6,0,1,0
905,18265.0,8733,6,Y,No,12,3,3,80,0,25.0,3,4,1,0,0,0
906,16124.0,3423,3,Y,No,14,3,2,80,2,9.0,2,2,7,7,1,7
907,2585.0,21643,0,Y,No,17,3,4,80,0,2.0,5,2,1,0,0,0
908,18213.0,8751,7,Y,No,11,3,3,80,1,26.0,5,3,22,9,3,10
909,8380.0,21708,0,Y,Yes,14,3,4,80,2,10.0,3,3,9,8,0,8
910,2994.0,21221,1,Y,Yes,12,3,4,80,0,1.0,2,3,1,0,0,1
911,1223.0,16901,1,Y,No,22,4,4,80,1,1.0,2,3,1,0,0,1
912,1118.0,8040,1,Y,Yes,14,3,4,80,0,1.0,4,3,1,0,1,0
913,2875.0,9973,1,Y,Yes,20,4,2,80,0,8.0,2,2,8,5,2,2
914,18824.0,2493,2,Y,Yes,16,3,1,80,0,26.0,2,3,24,10,1,11
915,,25592,1,Y,Yes,15,3,4,80,1,34.0,3,3,33,9,15,0
916,2625.0,25308,1,Y,No,20,4,3,80,0,2.0,2,1,2,2,2,2
917,18789.0,9946,2,Y,No,14,3,3,80,1,26.0,2,3,11,4,0,8
918,4538.0,6039,0,Y,Yes,12,3,4,80,0,4.0,3,3,3,2,0,2
919,19847.0,19196,4,Y,Yes,24,4,1,80,1,31.0,5,2,29,10,11,10
920,,20002,6,Y,No,12,3,4,80,0,25.0,6,2,9,7,5,4
921,,22534,4,Y,No,13,3,3,80,2,15.0,2,4,11,8,5,10
922,,6842,0,Y,Yes,11,3,3,80,0,5.0,2,2,4,2,0,2
923,19190.0,17477,1,Y,No,14,3,4,80,2,26.0,4,2,25,9,14,13
924,,21833,4,Y,No,11,3,4,80,2,14.0,5,4,10,9,1,8
925,3506.0,6020,0,Y,Yes,14,3,4,80,0,4.0,3,3,3,2,2,2
926,,5628,6,Y,Yes,16,3,4,80,0,,2,3,1,0,0,0
927,,20364,3,Y,No,14,3,4,80,0,23.0,3,4,21,7,15,17
928,,2323,9,Y,Yes,11,3,4,80,0,18.0,2,3,16,14,5,12
929,7978.0,14075,1,Y,No,11,3,4,80,1,10.0,2,3,10,7,0,5
930,3867.0,14222,1,Y,Yes,12,3,2,80,1,2.0,2,3,2,2,2,2
931,,4257,0,Y,No,14,3,2,80,0,8.0,6,2,7,0,7,7
932,,12858,7,Y,Yes,18,3,3,80,0,10.0,3,3,8,4,1,7
933,3339.0,17285,3,Y,Yes,13,3,1,80,2,10.0,2,3,7,7,7,7
934,2080.0,4732,2,Y,No,11,3,2,80,0,5.0,2,2,3,2,1,2
935,,18830,1,Y,No,18,3,4,80,0,2.0,3,2,2,2,2,1
936,,11693,1,Y,No,15,3,3,80,2,10.0,4,4,10,7,0,8
937,18061.0,13035,3,Y,No,22,4,3,80,0,22.0,4,3,0,0,0,0
938,17123.0,17334,6,Y,Yes,13,3,4,80,2,21.0,4,3,19,9,15,2
939,2372.0,26076,1,Y,No,12,3,4,80,2,,3,3,2,2,2,2
940,4883.0,22845,1,Y,No,18,3,1,80,1,10.0,3,3,10,4,1,1
941,3904.0,22154,0,Y,No,13,3,1,80,0,6.0,2,3,5,2,0,3
942,,23631,0,Y,No,12,3,1,80,1,10.0,6,3,9,2,6,7
943,7094.0,5747,3,Y,No,12,3,1,80,0,10.0,0,3,7,7,1,7
944,3423.0,22957,6,Y,No,12,3,3,80,0,10.0,3,4,7,6,5,7
945,6674.0,16392,0,Y,No,11,3,1,80,3,10.0,6,3,9,8,7,5
946,16880.0,22422,4,Y,Yes,11,3,2,80,0,25.0,2,3,3,2,1,2
947,9094.0,17235,2,Y,Yes,12,3,3,80,0,9.0,2,3,5,4,1,0
948,8446.0,21534,9,Y,Yes,19,3,3,80,0,,2,2,8,7,7,7
949,11916.0,25927,1,Y,Yes,23,4,4,80,2,9.0,2,3,9,1,0,8
950,4534.0,13352,0,Y,No,11,3,1,80,0,,6,3,8,7,1,7
951,,8935,1,Y,Yes,19,3,1,80,1,,5,2,10,8,9,6
952,,22074,1,Y,No,13,3,1,80,0,19.0,4,3,19,2,11,9
953,2302.0,8319,1,Y,Yes,11,3,1,80,0,3.0,2,4,3,2,2,2
954,2362.0,14669,4,Y,No,12,3,3,80,0,10.0,4,4,3,2,1,2
955,,26582,0,Y,Yes,13,3,4,80,0,,3,2,20,8,2,10
956,,6992,4,Y,No,14,3,4,80,1,23.0,5,3,19,9,9,11
957,19717.0,4022,6,Y,No,14,3,1,80,0,36.0,4,3,7,3,7,7
958,,8532,9,Y,No,16,3,2,80,1,,0,3,4,2,0,0
959,8500.0,5494,0,Y,No,11,3,4,80,1,10.0,0,2,9,7,1,6
960,4661.0,22455,1,Y,No,13,3,3,80,0,9.0,4,3,9,8,8,8
961,4103.0,4297,0,Y,No,17,3,4,80,1,,2,3,9,3,1,7
962,4249.0,2690,1,Y,Yes,11,3,2,80,0,9.0,3,3,9,6,1,1
963,14026.0,17588,1,Y,Yes,11,3,2,80,1,33.0,2,3,33,9,0,10
964,6893.0,19461,3,Y,No,15,3,4,80,1,11.0,3,3,7,7,1,7
965,6125.0,23553,1,Y,No,12,3,4,80,0,10.0,6,4,10,8,9,6
966,3669.0,9075,3,Y,No,11,3,3,80,3,7.0,6,2,3,2,1,2
967,10008.0,12023,7,Y,Yes,14,3,4,80,0,31.0,0,2,10,9,5,9
968,2387.0,6762,3,Y,No,22,4,3,80,1,,3,3,4,2,0,3
969,,2261,2,Y,No,16,3,4,80,1,,2,2,15,7,6,13
970,7898.0,18706,1,Y,No,11,3,3,80,0,11.0,2,3,10,9,0,8
971,2534.0,6527,8,Y,No,14,3,2,80,1,5.0,4,3,1,0,0,0
972,13142.0,24439,3,Y,No,16,3,2,80,0,29.0,1,2,5,2,0,3
973,,19305,1,Y,No,15,3,3,80,0,0.0,5,4,0,0,0,0
974,5363.0,10846,0,Y,No,12,3,2,80,1,10.0,0,3,9,7,0,0
975,5071.0,20392,3,Y,No,20,4,2,80,0,8.0,3,3,6,2,0,0
976,13695.0,9277,6,Y,Yes,17,3,3,80,0,24.0,2,2,19,7,3,8
977,13402.0,18235,4,Y,Yes,12,3,1,80,1,,0,3,19,16,15,9
978,2029.0,15891,1,Y,No,20,4,3,80,3,5.0,2,3,5,4,0,0
979,,13888,5,Y,No,20,4,2,80,3,15.0,0,3,12,11,11,8
980,5429.0,17491,4,Y,No,13,3,1,80,2,10.0,1,3,8,7,7,7
981,,11882,7,Y,No,14,3,3,80,0,3.0,3,4,1,0,0,0
982,4614.0,23288,0,Y,Yes,18,3,3,80,1,,0,2,4,2,3,2
983,,15748,1,Y,No,11,3,4,80,3,4.0,2,3,4,2,0,3
984,6687.0,6163,1,Y,No,11,3,4,80,0,14.0,2,4,14,11,4,11
985,,24232,1,Y,No,11,3,3,80,1,5.0,0,3,5,3,0,4
986,6179.0,21057,1,Y,Yes,15,3,4,80,2,10.0,3,2,10,2,6,7
987,6120.0,3567,3,Y,Yes,12,3,4,80,2,8.0,2,4,5,4,1,4
988,10596.0,15395,2,Y,No,11,3,2,80,0,14.0,5,3,4,2,3,2
989,5467.0,13953,3,Y,Yes,14,3,1,80,2,12.0,4,2,6,2,3,3
990,2996.0,5182,7,Y,Yes,15,3,4,80,0,,2,3,6,4,1,3
991,9998.0,19293,6,Y,No,13,3,1,80,0,8.0,2,4,5,4,1,2
992,,20497,0,Y,Yes,13,3,1,80,3,4.0,3,2,3,2,1,2
993,10920.0,3449,3,Y,No,21,4,2,80,1,13.0,2,3,6,4,0,5
994,,12477,2,Y,No,11,3,2,80,0,6.0,3,2,3,2,1,2
995,13247.0,9731,2,Y,Yes,11,3,2,80,1,24.0,3,2,5,3,0,2
996,4081.0,20003,1,Y,Yes,14,3,1,80,0,20.0,3,1,20,7,1,8
997,,7100,1,Y,Yes,11,3,4,80,0,6.0,3,3,6,2,4,4
998,2394.0,25681,1,Y,Yes,13,3,4,80,0,8.0,2,3,8,2,7,7
999,3904.0,4050,0,Y,No,12,3,4,80,0,5.0,2,3,4,3,1,1
1000,16799.0,16616,0,Y,No,14,3,3,80,1,,5,3,20,7,0,9
1001,2950.0,17363,9,Y,No,13,3,3,80,0,12.0,2,1,5,4,0,4
1002,,19106,4,Y,No,18,3,1,80,0,8.0,6,3,3,2,0,2
1003,,19944,2,Y,No,11,3,3,80,0,10.0,2,3,2,2,2,2
1004,3229.0,4910,4,Y,No,11,3,2,80,1,,2,2,3,2,0,2
1005,,23577,0,Y,No,12,3,4,80,0,8.0,2,3,7,7,0,7
1006,7988.0,9769,1,Y,No,13,3,1,80,0,,3,2,10,9,0,9
1007,4284.0,22710,3,Y,No,20,4,1,80,0,20.0,2,3,4,3,1,3
1008,,22930,0,Y,Yes,12,3,1,80,0,9.0,1,3,8,7,7,7
1009,,5652,6,Y,No,19,3,4,80,0,29.0,3,2,20,7,12,7
1010,19701.0,22456,3,Y,Yes,21,4,3,80,1,32.0,3,3,9,8,1,5
1011,14732.0,12414,2,Y,No,13,3,4,80,2,31.0,4,4,7,7,0,0
1012,9278.0,20763,3,Y,Yes,16,3,4,80,0,15.0,3,3,5,4,0,1
1013,,16154,1,Y,No,12,3,2,80,0,1.0,3,3,1,0,0,0
1014,,12761,7,Y,No,14,3,2,80,2,8.0,3,3,3,2,0,2
1015,16422.0,8847,3,Y,No,11,3,3,80,0,,3,4,3,2,1,0
1016,,20284,5,Y,No,14,3,3,80,2,10.0,2,3,4,3,1,3
1017,1261.0,22262,1,Y,No,12,3,3,80,0,1.0,3,4,1,0,0,0
1018,2099.0,7679,0,Y,No,14,3,2,80,0,6.0,3,4,5,0,1,4
1019,5810.0,22604,1,Y,No,16,3,3,80,0,10.0,2,2,10,4,1,8
1020,5647.0,13494,4,Y,No,13,3,1,80,2,11.0,3,2,3,2,0,2
1021,,10205,7,Y,No,12,3,3,80,1,17.0,2,2,6,5,1,2
1022,4400.0,15182,3,Y,No,12,3,1,80,0,6.0,2,3,3,2,2,2
1023,,25470,0,Y,No,14,3,1,80,0,,2,1,6,5,1,3
1024,2066.0,10494,2,Y,No,22,4,4,80,1,5.0,3,4,3,2,1,0
1025,,26703,3,Y,No,19,3,2,80,2,26.0,2,4,20,17,5,6
1026,4162.0,15211,1,Y,Yes,12,3,3,80,2,5.0,3,3,5,4,0,3
1027,,23343,4,Y,No,12,3,3,80,1,7.0,3,2,4,3,0,3
1028,3294.0,3708,5,Y,No,17,3,1,80,1,7.0,2,2,5,4,0,2
1029,2127.0,5561,2,Y,Yes,12,3,1,80,0,,5,2,4,2,0,3
1030,3975.0,23099,3,Y,No,11,3,3,80,2,11.0,2,4,8,7,0,7
1031,10793.0,8386,1,Y,No,18,3,1,80,1,13.0,5,3,13,7,9,9
1032,10096.0,15986,4,Y,No,11,3,1,80,1,28.0,1,4,7,7,4,3
1033,3646.0,17181,2,Y,Yes,23,4,2,80,0,,2,4,1,0,0,0
1034,7446.0,8931,1,Y,No,11,3,1,80,0,,2,3,10,8,4,7
1035,10851.0,19863,2,Y,Yes,18,3,2,80,1,,2,3,7,7,0,7
1036,2109.0,24609,9,Y,No,18,3,4,80,0,,3,3,3,2,0,2
1037,3722.0,21081,6,Y,Yes,13,3,3,80,1,,2,1,2,2,2,2
1038,9380.0,14720,4,Y,Yes,18,3,4,80,2,,4,4,3,1,1,2
1039,5486.0,24795,4,Y,No,11,3,1,80,3,15.0,3,3,2,2,2,2
1040,2742.0,3072,1,Y,No,15,3,4,80,0,2.0,0,3,2,2,2,2
1041,13757.0,25178,2,Y,No,11,3,3,80,1,16.0,5,3,9,8,4,8
1042,8463.0,23490,0,Y,No,18,3,4,80,0,6.0,4,3,5,4,1,3
1043,3162.0,7973,3,Y,No,14,3,4,80,0,,5,3,5,2,0,3
1044,16598.0,19764,4,Y,No,12,3,2,80,0,35.0,2,2,9,8,8,8
1045,6651.0,21534,2,Y,No,14,3,2,80,1,20.0,0,2,3,2,1,2
1046,2345.0,8045,2,Y,No,14,3,3,80,1,8.0,3,4,3,1,1,2
1047,,21158,1,Y,No,13,3,3,80,0,6.0,3,2,5,2,1,3
1048,4373.0,17456,0,Y,No,14,3,1,80,2,,2,3,4,3,0,3
1049,4759.0,15891,3,Y,No,18,3,4,80,0,,2,3,13,9,3,12
1050,5301.0,2939,8,Y,No,15,3,3,80,2,4.0,2,2,2,1,2,2
1051,3673.0,16458,1,Y,No,13,3,3,80,0,12.0,3,3,12,9,5,8
1052,4768.0,9282,7,Y,No,12,3,3,80,1,11.0,4,2,1,0,0,0
1053,1274.0,7152,1,Y,No,13,3,2,80,2,,2,2,1,0,0,0
1054,4900.0,2721,0,Y,No,24,4,1,80,1,13.0,2,2,12,9,2,8
1055,10466.0,20948,3,Y,No,14,3,2,80,2,29.0,3,3,8,7,0,7
1056,17007.0,11929,7,Y,No,14,3,4,80,2,,3,2,14,8,6,9
1057,,15747,3,Y,No,15,3,4,80,1,5.0,3,4,3,2,1,2
1058,5765.0,17485,5,Y,No,11,3,1,80,0,,4,1,5,3,0,0
1059,4599.0,7815,0,Y,Yes,23,4,3,80,0,16.0,2,4,15,9,10,10
1060,2404.0,16192,1,Y,No,13,3,1,80,1,1.0,3,3,1,0,0,0
1061,,16998,2,Y,Yes,11,3,3,80,0,4.0,2,2,0,0,0,0
1062,2033.0,7103,1,Y,No,13,3,3,80,1,1.0,2,3,1,0,0,0
1063,10209.0,19719,5,Y,Yes,18,3,2,80,0,16.0,2,2,2,2,2,2
1064,8620.0,23757,1,Y,No,14,3,3,80,2,10.0,3,3,10,7,0,4
1065,2064.0,15428,0,Y,No,21,4,1,80,1,,3,4,5,3,1,3
1066,4035.0,16143,0,Y,Yes,16,3,2,80,0,,2,3,3,2,1,2
1067,3838.0,8192,8,Y,No,11,3,4,80,0,8.0,5,3,5,4,0,2
1068,4591.0,24200,3,Y,Yes,17,3,3,80,1,11.0,4,2,5,4,1,2
1069,2561.0,5355,7,Y,No,11,3,3,80,0,8.0,2,2,0,0,0,0
1070,1563.0,12530,1,Y,No,14,3,4,80,1,1.0,2,1,1,0,0,0
1071,,11827,0,Y,No,14,3,4,80,0,5.0,5,3,4,2,1,3
1072,,23070,4,Y,No,25,4,1,80,1,10.0,3,3,3,2,1,2
1073,,4668,0,Y,No,13,3,3,80,3,4.0,3,3,3,2,0,2
1074,6549.0,3173,1,Y,No,14,3,2,80,2,8.0,2,2,8,6,1,7
1075,6388.0,22049,2,Y,Yes,17,3,1,80,0,,6,3,0,0,0,0
1076,11244.0,21072,2,Y,No,25,4,2,80,0,,5,4,5,2,0,0
1077,16032.0,24456,3,Y,No,20,4,1,80,1,,2,3,14,9,1,12
1078,,7568,6,Y,No,13,3,3,80,0,11.0,2,1,9,7,0,7
1079,16328.0,22074,3,Y,No,13,3,3,80,1,,1,4,20,6,14,17
1080,8376.0,9150,4,Y,No,18,3,4,80,0,9.0,3,3,2,0,2,2
1081,,11380,8,Y,No,12,3,4,80,1,23.0,2,4,13,12,5,1
1082,8606.0,21195,1,Y,No,19,3,4,80,0,11.0,3,1,11,8,3,3
1083,2272.0,24812,0,Y,No,14,3,2,80,0,5.0,2,3,4,3,1,2
1084,2018.0,21831,3,Y,No,14,3,2,80,0,15.0,3,1,5,4,1,0
1085,,12288,1,Y,Yes,14,3,4,80,0,10.0,3,3,10,9,8,6
1086,4084.0,4156,1,Y,No,12,3,1,80,0,7.0,2,1,7,2,7,7
1087,,24450,1,Y,Yes,13,3,4,80,0,32.0,2,3,32,6,13,9
1088,2308.0,4944,0,Y,Yes,25,4,2,80,1,,4,3,11,10,5,7
1089,4841.0,24052,4,Y,No,14,3,2,80,1,4.0,3,3,1,0,0,0
1090,,3031,1,Y,No,17,3,1,80,0,10.0,2,3,10,8,3,7
1091,9715.0,7288,3,Y,No,13,3,3,80,1,,3,3,7,7,0,7
1092,,24152,1,Y,No,13,3,4,80,0,5.0,2,3,5,3,0,2
1093,2132.0,4585,4,Y,No,20,4,4,80,1,8.0,3,3,5,4,0,3
1094,10124.0,18611,2,Y,Yes,14,3,3,80,1,,3,1,20,8,13,9
1095,5473.0,19345,0,Y,No,12,3,4,80,0,9.0,5,4,8,4,7,1
1096,5207.0,22949,1,Y,Yes,12,3,2,80,1,15.0,3,3,15,14,5,7
1097,16437.0,17381,1,Y,Yes,21,4,4,80,0,21.0,2,3,21,7,7,7
1098,2296.0,10036,0,Y,No,14,3,2,80,3,2.0,3,3,1,1,0,0
1099,4069.0,8841,3,Y,Yes,18,3,3,80,0,8.0,2,3,2,2,2,2
1100,7441.0,20933,1,Y,No,12,3,1,80,3,10.0,4,3,10,8,7,7
1101,2430.0,26204,0,Y,No,23,4,1,80,2,6.0,5,3,5,3,4,2
1102,5878.0,15624,3,Y,No,12,3,1,80,1,,2,3,7,1,2,5
1103,2644.0,17001,3,Y,Yes,21,4,4,80,0,7.0,3,2,3,2,1,2
1104,6439.0,13693,8,Y,No,14,3,3,80,1,,2,3,8,7,7,7
1105,2451.0,22376,6,Y,No,18,3,1,80,2,5.0,2,2,1,0,0,0
1106,6392.0,10589,2,Y,No,13,3,4,80,1,8.0,6,1,2,2,2,2
1107,9714.0,5323,1,Y,No,11,3,4,80,1,10.0,4,3,10,8,6,7
1108,,14814,3,Y,No,11,3,3,80,0,10.0,2,3,6,3,1,2
1109,2450.0,21731,1,Y,No,19,3,2,80,0,3.0,3,3,3,0,1,2
1110,9250.0,17799,3,Y,No,12,3,2,80,1,,3,3,4,2,1,3
1111,2074.0,26619,1,Y,Yes,12,3,4,80,1,,2,3,1,0,0,0
1112,10169.0,14618,0,Y,No,16,3,2,80,1,34.0,4,3,33,7,1,9
1113,4855.0,7653,4,Y,No,11,3,1,80,2,7.0,2,3,5,2,1,4
1114,4087.0,25174,4,Y,No,14,3,2,80,1,9.0,3,2,6,5,1,2
1115,2367.0,16530,8,Y,No,12,3,4,80,1,,3,2,8,2,7,6
1116,2972.0,22061,1,Y,No,13,3,3,80,0,1.0,4,1,1,0,0,0
1117,,23037,1,Y,No,21,4,3,80,1,36.0,3,3,36,6,2,13
1118,5484.0,13008,9,Y,No,17,3,2,80,1,9.0,3,2,2,2,2,1
1119,,11133,1,Y,No,21,4,1,80,0,1.0,5,3,1,0,0,0
1120,9924.0,12355,0,Y,No,11,3,4,80,1,10.0,3,3,9,8,7,7
1121,4198.0,16379,2,Y,No,12,3,2,80,0,8.0,5,4,3,2,1,2
1122,6815.0,21447,6,Y,No,13,3,1,80,0,15.0,5,3,1,0,0,0
1123,4723.0,16213,1,Y,Yes,18,3,4,80,0,10.0,3,3,10,9,1,5
1124,6142.0,4223,3,Y,Yes,16,3,3,80,0,10.0,4,3,5,2,0,4
1125,8237.0,4658,2,Y,No,11,3,1,80,1,11.0,3,3,7,6,7,6
1126,,24483,1,Y,No,19,3,4,80,1,6.0,0,4,6,4,1,3
1127,19331.0,19519,4,Y,Yes,16,3,3,80,1,,2,3,1,0,0,0
1128,,12826,2,Y,No,16,3,4,80,1,,2,3,2,2,2,2
1129,5562.0,19711,3,Y,Yes,13,3,4,80,1,9.0,3,3,3,2,0,2
1130,19613.0,26362,8,Y,No,22,4,4,80,0,24.0,2,3,1,0,0,1
1131,3407.0,25348,1,Y,No,17,3,4,80,2,10.0,3,2,10,9,6,8
1132,5063.0,15332,1,Y,No,14,3,2,80,1,8.0,3,2,8,2,7,7
1133,4639.0,11262,1,Y,No,15,3,3,80,1,,2,3,5,4,1,2
1134,4876.0,5855,5,Y,No,12,3,3,80,1,8.0,0,3,6,4,0,2
1135,2690.0,7713,1,Y,No,18,3,4,80,1,1.0,5,2,1,0,0,1
1136,17567.0,3156,1,Y,No,15,3,2,80,0,27.0,5,1,26,0,0,12
1137,2408.0,7324,1,Y,Yes,17,3,3,80,3,,3,3,1,1,0,0
1138,,10293,1,Y,Yes,14,3,2,80,0,4.0,2,2,4,2,1,3
1139,11245.0,20689,2,Y,Yes,15,3,3,80,1,32.0,3,3,30,8,12,13
1140,3312.0,18783,3,Y,No,17,3,4,80,2,6.0,3,3,3,2,0,2
1141,19049.0,3549,0,Y,Yes,14,3,4,80,1,,4,2,22,7,1,10
1142,,5348,1,Y,No,12,3,2,80,1,6.0,3,2,6,4,1,1
1143,5769.0,23447,1,Y,Yes,14,3,1,80,0,,3,3,10,7,1,4
1144,4385.0,24162,1,Y,No,15,3,1,80,1,10.0,2,3,10,7,4,5
1145,5332.0,21602,7,Y,No,13,3,4,80,0,10.0,3,3,5,2,0,3
1146,4663.0,12421,9,Y,Yes,12,3,2,80,2,7.0,2,3,3,2,1,1
1147,4724.0,17000,1,Y,No,13,3,1,80,1,9.0,3,3,9,7,7,2
1148,,22102,1,Y,No,14,3,4,80,1,10.0,3,2,9,6,1,4
1149,5377.0,3835,2,Y,No,13,3,4,80,3,10.0,3,3,7,7,7,7
1150,4066.0,16290,1,Y,No,11,3,1,80,2,7.0,3,3,7,7,0,7
1151,5208.0,26312,1,Y,No,11,3,4,80,0,16.0,2,3,16,15,1,10
1152,4877.0,20460,0,Y,No,21,4,2,80,1,6.0,5,2,5,3,0,0
1153,3117.0,26009,1,Y,No,18,3,3,80,0,3.0,2,3,2,2,2,2
1154,1569.0,18420,1,Y,Yes,12,3,3,80,0,0.0,2,4,0,0,0,0
1155,19658.0,5220,3,Y,No,11,3,3,80,1,27.0,2,3,5,2,1,0
1156,3069.0,10302,0,Y,No,15,3,4,80,1,11.0,3,3,10,8,0,7
1157,10435.0,25800,1,Y,No,13,3,4,80,2,18.0,2,3,18,15,14,12
1158,4148.0,12250,1,Y,No,12,3,4,80,1,15.0,5,3,14,11,2,9
1159,5768.0,26493,3,Y,No,17,3,1,80,3,9.0,2,2,4,3,0,2
1160,5042.0,3140,0,Y,No,13,3,4,80,0,10.0,2,1,9,2,3,8
1161,5770.0,5388,1,Y,No,19,3,1,80,2,10.0,3,3,10,7,3,9
1162,,14199,3,Y,Yes,19,3,4,80,1,10.0,6,4,5,4,0,2
1163,10306.0,21530,9,Y,No,17,3,3,80,0,15.0,3,3,13,12,6,0
1164,3936.0,9953,1,Y,No,11,3,1,80,1,8.0,2,1,8,4,7,7
1165,7945.0,19948,6,Y,Yes,15,3,4,80,0,18.0,2,2,4,2,3,3
1166,5743.0,10503,4,Y,Yes,11,3,3,80,0,14.0,3,3,10,7,0,2
1167,15202.0,5602,2,Y,No,25,4,2,80,1,23.0,3,3,2,2,2,2
1168,5440.0,22098,6,Y,Yes,14,3,4,80,2,7.0,2,2,2,2,2,2
1169,3760.0,17218,1,Y,Yes,13,3,3,80,0,6.0,2,3,6,3,1,3
1170,3517.0,22490,7,Y,No,17,3,1,80,0,5.0,0,3,3,2,0,2
1171,2580.0,6297,2,Y,No,13,3,3,80,0,6.0,0,2,4,2,1,2
1172,2166.0,3339,3,Y,Yes,14,3,2,80,0,10.0,3,1,4,2,0,3
1173,5869.0,23413,9,Y,No,11,3,3,80,0,8.0,2,3,5,2,1,4
1174,8008.0,22792,4,Y,No,12,3,3,80,2,9.0,6,3,3,2,0,2
1175,5206.0,4973,1,Y,No,17,3,3,80,2,7.0,6,3,7,7,0,7
1176,5295.0,7693,4,Y,No,21,4,3,80,0,7.0,3,3,5,4,1,0
1177,16413.0,3498,3,Y,No,16,3,2,80,2,27.0,2,3,4,2,1,2
1178,,21981,5,Y,No,15,3,3,80,3,19.0,3,3,14,11,1,11
1179,2783.0,13251,1,Y,No,19,3,1,80,0,,3,3,2,2,2,2
1180,,19332,1,Y,No,12,3,3,80,1,11.0,2,3,11,8,7,9
1181,2013.0,10950,2,Y,No,11,3,3,80,0,15.0,4,3,4,3,1,3
1182,13966.0,11652,2,Y,Yes,19,3,2,80,1,30.0,3,3,15,11,2,12
1183,4374.0,15411,0,Y,No,15,3,3,80,0,4.0,6,3,3,2,1,2
1184,6842.0,26308,6,Y,No,20,4,1,80,1,13.0,3,3,5,4,0,4
1185,17426.0,18685,3,Y,No,25,4,3,80,1,36.0,6,3,10,8,4,7
1186,17603.0,3525,1,Y,No,24,4,1,80,1,14.0,3,3,14,10,6,11
1187,4581.0,10414,3,Y,Yes,24,4,1,80,0,13.0,2,4,11,9,6,7
1188,4735.0,9867,7,Y,No,15,3,4,80,2,19.0,4,4,13,11,2,9
1189,4187.0,3356,1,Y,Yes,13,3,2,80,1,10.0,3,2,10,0,0,9
1190,,3921,1,Y,No,14,3,3,80,2,6.0,5,3,6,2,0,4
1191,5470.0,25518,0,Y,No,13,3,3,80,2,10.0,4,2,9,5,1,6
1192,5476.0,22589,1,Y,No,11,3,1,80,2,,2,3,10,0,0,2
1193,2587.0,24941,4,Y,Yes,16,3,2,80,1,17.0,2,2,2,2,2,2
1194,,23826,1,Y,No,22,4,2,80,0,4.0,3,3,4,3,3,3
1195,15972.0,21086,6,Y,No,14,3,3,80,3,,2,3,3,2,1,2
1196,,22384,4,Y,No,14,3,1,80,0,,2,3,8,7,0,0
1197,7082.0,11591,3,Y,Yes,16,3,4,80,0,,2,3,2,0,0,2
1198,2728.0,21082,1,Y,No,11,3,1,80,0,2.0,3,3,2,2,0,2
1199,5368.0,16130,1,Y,Yes,25,4,3,80,1,,2,3,6,5,1,2
1200,5347.0,7419,6,Y,No,14,3,2,80,2,10.0,2,2,3,2,0,2
1201,3195.0,4167,4,Y,Yes,18,3,1,80,3,8.0,2,3,2,2,2,2
1202,3989.0,20586,1,Y,Yes,11,3,1,80,0,5.0,2,3,5,4,1,2
1203,3306.0,26176,7,Y,No,19,3,4,80,1,7.0,5,2,0,0,0,0
1204,7005.0,3458,3,Y,No,15,3,3,80,0,,2,3,4,3,1,2
1205,2655.0,11740,2,Y,Yes,11,3,3,80,2,19.0,3,3,9,7,7,7
1206,1393.0,24852,1,Y,No,12,3,1,80,0,1.0,2,3,1,0,0,0
1207,,11925,1,Y,No,20,4,3,80,0,7.0,5,3,7,7,5,7
1208,,23737,5,Y,No,12,3,4,80,1,8.0,1,3,4,2,1,2
1209,3986.0,11912,1,Y,No,14,3,3,80,1,,3,4,15,10,4,13
1210,,20467,3,Y,No,20,4,3,80,1,19.0,2,4,1,0,0,0
1211,2028.0,13637,1,Y,No,18,3,4,80,3,14.0,6,3,14,11,2,13
1212,9525.0,7677,1,Y,No,14,3,3,80,2,6.0,2,2,6,3,1,3
1213,2929.0,20338,1,Y,No,12,3,2,80,0,10.0,3,3,10,9,8,7
1214,2275.0,25103,1,Y,Yes,21,4,2,80,1,3.0,2,3,3,2,0,2
1215,,14810,1,Y,Yes,19,3,2,80,1,9.0,2,3,8,7,6,7
1216,4930.0,13970,0,Y,Yes,14,3,3,80,0,6.0,2,4,5,4,1,4
1217,7847.0,6069,1,Y,Yes,17,3,1,80,1,10.0,3,3,10,9,8,8
1218,,17616,1,Y,No,16,3,4,80,1,5.0,1,3,5,3,0,4
1219,9241.0,15869,1,Y,No,12,3,2,80,0,10.0,3,3,10,8,8,7
1220,2974.0,25412,9,Y,No,17,3,3,80,1,9.0,2,3,5,3,1,2
1221,4502.0,7439,3,Y,No,15,3,3,80,0,17.0,2,2,13,7,6,7
1222,10748.0,3395,3,Y,No,23,4,4,80,1,25.0,3,2,23,15,14,4
1223,,11585,1,Y,No,11,3,3,80,1,,2,3,1,0,0,0
1224,12936.0,24164,7,Y,No,11,3,3,80,0,25.0,3,1,23,5,14,10
1225,2305.0,6217,1,Y,No,15,3,3,80,3,3.0,3,4,3,2,0,2
1226,16704.0,17119,1,Y,No,11,3,3,80,0,21.0,2,3,21,6,8,6
1227,3433.0,17360,6,Y,No,13,3,1,80,1,10.0,3,2,5,2,1,3
1228,,18103,1,Y,No,14,3,4,80,1,6.0,2,4,5,2,0,3
1229,6430.0,20794,6,Y,No,19,3,2,80,1,10.0,4,3,3,2,1,2
1230,6516.0,5041,2,Y,Yes,16,3,2,80,1,18.0,3,3,1,0,0,0
1231,3907.0,3622,1,Y,No,13,3,2,80,3,6.0,2,4,6,2,1,2
1232,5562.0,9697,6,Y,No,14,3,4,80,0,19.0,3,3,10,7,0,9
1233,6883.0,5151,2,Y,No,16,3,2,80,1,17.0,3,3,7,7,0,7
1234,2862.0,3811,1,Y,No,12,3,2,80,1,10.0,2,2,10,0,0,8
1235,4978.0,3536,7,Y,No,11,3,4,80,1,,3,1,1,0,0,0
1236,10368.0,5596,4,Y,Yes,12,3,2,80,1,13.0,5,2,10,6,0,3
1237,6134.0,8658,5,Y,Yes,13,3,2,80,3,16.0,3,3,2,2,2,2
1238,,12147,6,Y,No,15,3,2,80,0,,2,3,0,0,0,0
1239,3295.0,12862,1,Y,No,13,3,3,80,0,,3,1,3,2,1,2
1240,5238.0,6670,2,Y,No,20,4,4,80,0,9.0,3,2,5,4,1,4
1241,,8989,1,Y,Yes,15,3,4,80,1,9.0,2,3,9,8,5,8
1242,9610.0,3840,3,Y,No,13,3,3,80,1,,2,1,4,3,0,2
1243,19833.0,4349,1,Y,No,14,3,2,80,0,21.0,3,2,21,8,12,8
1244,9756.0,6595,4,Y,No,21,4,3,80,2,9.0,2,4,5,0,0,3
1245,,26427,0,Y,No,16,3,4,80,0,10.0,2,3,9,7,0,7
1246,2145.0,2097,0,Y,No,14,3,4,80,1,3.0,2,3,2,2,2,1
1247,2180.0,9732,6,Y,No,11,3,3,80,1,6.0,0,2,4,2,1,2
1248,8346.0,20943,1,Y,No,19,3,3,80,1,6.0,3,3,5,2,0,2
1249,3445.0,6152,1,Y,No,11,3,3,80,0,6.0,5,2,6,2,1,4
1250,,14630,1,Y,No,13,3,3,80,0,2.0,3,3,2,2,2,2
1251,6294.0,23060,8,Y,Yes,12,3,4,80,0,10.0,5,4,3,2,0,2
1252,7140.0,3088,2,Y,No,11,3,1,80,1,12.0,2,3,7,7,1,7
1253,2932.0,5586,0,Y,Yes,14,3,1,80,3,6.0,3,3,5,0,1,2
1254,5147.0,10697,8,Y,No,15,3,4,80,0,13.0,2,2,11,7,1,7
1255,4507.0,8191,3,Y,No,12,3,3,80,0,8.0,1,4,5,1,0,4
1256,8564.0,10092,2,Y,Yes,20,4,3,80,0,,2,2,0,0,0,0
1257,2468.0,15963,4,Y,No,14,3,2,80,1,9.0,4,2,6,1,0,5
1258,8161.0,19002,2,Y,No,13,3,1,80,3,,2,3,1,0,0,0
1259,2109.0,10007,1,Y,No,13,3,3,80,1,1.0,2,3,1,0,0,0
1260,5294.0,9128,3,Y,No,16,3,3,80,1,,3,3,7,0,1,7
1261,2718.0,17674,2,Y,No,14,3,2,80,0,12.0,3,3,7,7,0,7
1262,5811.0,24539,3,Y,Yes,16,3,3,80,1,15.0,2,3,1,0,1,0
1263,,15587,9,Y,Yes,16,3,4,80,1,6.0,4,3,1,0,0,0
1264,2766.0,8952,8,Y,No,22,4,2,80,3,7.0,6,2,5,3,0,4
1265,,19805,8,Y,No,12,3,2,80,3,34.0,2,3,1,0,0,0
1266,3055.0,6194,5,Y,No,15,3,4,80,2,11.0,2,2,9,8,1,7
1267,2289.0,20520,1,Y,No,20,4,2,80,2,5.0,2,3,5,3,0,4
1268,4001.0,12313,1,Y,Yes,14,3,3,80,1,15.0,3,3,15,14,0,7
1269,12965.0,22308,4,Y,Yes,20,4,4,80,3,27.0,2,2,3,2,0,2
1270,,5033,0,Y,No,13,3,2,80,0,10.0,5,3,9,7,1,8
1271,6029.0,25353,5,Y,No,12,3,1,80,0,6.0,3,3,2,2,2,2
1272,2679.0,4567,1,Y,No,13,3,2,80,0,1.0,3,3,1,0,1,0
1273,3702.0,16376,1,Y,No,11,3,2,80,1,5.0,3,3,5,4,0,4
1274,2398.0,15999,1,Y,Yes,17,3,3,80,0,1.0,6,3,1,0,0,0
1275,5468.0,13402,1,Y,No,14,3,1,80,2,13.0,3,3,12,7,5,7
1276,13116.0,22984,2,Y,No,11,3,4,80,0,15.0,2,3,2,2,2,2
1277,,8800,1,Y,No,14,3,1,80,2,5.0,2,3,5,2,0,3
1278,,14218,7,Y,Yes,17,3,3,80,1,,3,3,2,1,2,2
1279,8321.0,25949,7,Y,Yes,13,3,4,80,1,15.0,1,3,12,8,5,7
1280,,11092,1,Y,Yes,12,3,3,80,3,6.0,2,2,5,3,2,3
1281,4071.0,12832,2,Y,No,13,3,3,80,0,19.0,4,2,10,0,4,7
1282,5813.0,13492,1,Y,Yes,18,3,4,80,0,10.0,2,3,10,7,7,7
1283,3143.0,6076,6,Y,No,19,3,2,80,1,14.0,1,3,10,8,7,6
1284,2044.0,5531,1,Y,No,11,3,3,80,1,5.0,6,4,5,3,0,3
1285,13464.0,7914,7,Y,No,21,4,3,80,0,9.0,3,3,4,3,2,2
1286,7991.0,25166,8,Y,No,15,3,3,80,0,6.0,3,3,2,2,2,2
1287,,25605,4,Y,No,17,3,4,80,1,7.0,5,2,4,3,0,2
1288,5538.0,5696,5,Y,No,18,3,3,80,2,10.0,2,2,0,0,0,0
1289,5762.0,24442,2,Y,No,14,3,3,80,1,15.0,6,3,7,7,1,7
1290,,7129,5,Y,No,13,3,4,80,3,13.0,3,3,11,10,3,8
1291,5346.0,6208,4,Y,No,17,3,3,80,1,11.0,3,2,7,1,0,7
1292,4213.0,4992,1,Y,No,15,3,2,80,0,10.0,4,1,10,3,0,8
1293,4127.0,19188,2,Y,No,18,3,4,80,1,7.0,6,3,2,1,2,2
1294,,24978,4,Y,No,13,3,3,80,0,7.0,2,2,3,2,1,2
1295,,15530,3,Y,No,12,3,1,80,0,11.0,3,1,3,2,1,2
1296,10447.0,26458,0,Y,Yes,13,3,4,80,1,23.0,3,4,22,14,13,5
1297,9667.0,2739,9,Y,No,14,3,2,80,0,9.0,3,3,7,7,0,2
1298,,6889,0,Y,Yes,11,3,3,80,0,,3,3,5,1,1,4
1299,,10842,4,Y,No,22,4,4,80,1,13.0,2,4,9,7,3,7
1300,6513.0,9060,4,Y,No,17,3,4,80,1,12.0,3,3,5,3,0,3
1301,6799.0,22128,1,Y,No,21,4,3,80,2,10.0,5,3,10,8,4,8
1302,16291.0,22577,4,Y,No,22,4,4,80,1,37.0,0,2,16,9,14,14
1303,2705.0,9696,0,Y,No,16,3,2,80,1,6.0,2,4,5,4,0,3
1304,10333.0,19271,8,Y,Yes,12,3,3,80,1,28.0,4,3,22,11,14,10
1305,4448.0,10748,2,Y,No,12,3,2,80,1,,3,3,7,4,7,7
1306,6854.0,15696,4,Y,No,15,3,2,80,1,14.0,2,2,7,1,1,7
1307,,8277,2,Y,No,14,3,4,80,2,9.0,3,3,3,2,2,2
1308,,12719,1,Y,No,25,4,3,80,1,3.0,3,3,3,2,1,2
1309,,4244,2,Y,Yes,20,4,1,80,2,20.0,4,2,4,2,0,3
1310,,9125,1,Y,No,13,3,1,80,0,5.0,4,3,5,3,1,2
1311,15787.0,21624,2,Y,Yes,14,3,2,80,0,23.0,3,3,2,2,2,2
1312,1514.0,8018,1,Y,No,16,3,3,80,0,0.0,4,1,0,0,0,0
1313,2956.0,21495,0,Y,No,17,3,3,80,0,2.0,4,3,1,0,0,0
1314,2335.0,3157,4,Y,Yes,15,3,4,80,3,4.0,3,3,2,2,2,0
1315,5154.0,19665,4,Y,No,22,4,2,80,2,10.0,3,4,8,7,5,7
1316,,19573,4,Y,Yes,22,4,4,80,1,,2,3,1,0,0,0
1317,5675.0,19246,1,Y,No,20,4,3,80,1,7.0,5,3,7,7,7,7
1318,2379.0,19826,0,Y,Yes,14,3,3,80,0,6.0,3,2,5,4,0,2
1319,3812.0,7003,1,Y,No,13,3,2,80,0,11.0,3,4,11,8,3,10
1320,4648.0,26075,8,Y,No,13,3,3,80,0,4.0,2,4,0,0,0,0
1321,2936.0,6161,3,Y,No,22,4,2,80,2,10.0,1,2,6,3,3,3
1322,,5411,4,Y,No,12,3,3,80,0,7.0,2,3,2,2,2,0
1323,8578.0,19989,3,Y,No,14,3,3,80,1,12.0,4,2,9,8,4,7
1324,2706.0,10494,1,Y,No,15,3,2,80,1,,2,3,3,2,2,2
1325,6384.0,21143,8,Y,No,17,3,4,80,2,11.0,3,3,7,0,1,6
1326,3968.0,13624,4,Y,No,13,3,4,80,0,8.0,3,3,0,0,0,0
1327,9907.0,26186,7,Y,Yes,12,3,3,80,0,,3,2,2,2,2,2
1328,13225.0,7739,2,Y,No,12,3,4,80,1,25.0,5,3,19,17,2,8
1329,3540.0,7018,1,Y,No,21,4,4,80,1,,5,3,9,8,5,8
1330,,15434,1,Y,No,11,3,4,80,0,1.0,3,3,1,0,0,0
1331,19392.0,22539,7,Y,No,13,3,4,80,0,,2,3,16,12,6,14
1332,19665.0,13583,4,Y,No,12,3,4,80,0,29.0,3,3,22,10,12,9
1333,2439.0,14753,1,Y,Yes,24,4,2,80,0,1.0,3,2,1,0,1,0
1334,7314.0,14011,5,Y,No,21,4,3,80,3,14.0,2,3,8,7,0,7
1335,4774.0,23844,0,Y,No,19,3,4,80,1,8.0,2,2,7,6,7,3
1336,,5141,8,Y,No,14,3,2,80,3,7.0,2,3,2,2,2,2
1337,,7975,8,Y,No,20,4,2,80,1,,2,4,5,2,0,4
1338,2856.0,3692,1,Y,No,19,3,4,80,1,1.0,3,3,1,0,0,0
1339,1081.0,16019,1,Y,No,13,3,3,80,0,,3,2,1,0,0,0
1340,,26092,1,Y,Yes,23,4,1,80,0,1.0,2,3,1,0,0,0
1341,5673.0,6060,1,Y,Yes,13,3,1,80,1,,4,3,10,9,1,7
1342,4197.0,18624,1,Y,No,11,3,1,80,1,10.0,2,3,10,8,0,2
1343,9713.0,24444,2,Y,Yes,13,3,4,80,3,9.0,3,3,5,3,1,0
1344,2062.0,19384,3,Y,No,14,3,2,80,0,11.0,2,3,3,2,1,2
1345,4284.0,13588,5,Y,Yes,22,4,3,80,1,16.0,2,3,5,3,0,4
1346,4788.0,25388,0,Y,Yes,11,3,4,80,0,4.0,2,3,3,2,0,2
1347,,23888,0,Y,No,13,3,4,80,2,10.0,2,2,9,8,3,8
1348,,4223,1,Y,No,21,4,4,80,0,10.0,2,2,10,1,0,8
1349,16823.0,18991,2,Y,No,11,3,1,80,1,22.0,3,3,19,7,11,16
1350,2933.0,14908,1,Y,Yes,13,3,3,80,1,1.0,3,2,1,0,1,0
1351,,26997,0,Y,No,14,3,2,80,0,9.0,5,2,8,7,0,7
1352,17174.0,2437,3,Y,No,11,3,2,80,1,24.0,3,3,22,17,4,7
1353,5033.0,9364,2,Y,No,15,3,4,80,1,10.0,5,3,2,0,2,2
1354,2307.0,14460,1,Y,Yes,23,4,2,80,1,5.0,2,3,5,2,3,0
1355,2587.0,10261,1,Y,No,16,3,4,80,0,5.0,3,3,4,2,1,0
1356,5507.0,16822,2,Y,No,16,3,3,80,2,12.0,1,1,4,2,1,3
1357,4393.0,26841,5,Y,No,21,4,3,80,1,14.0,3,3,5,4,1,4
1358,13348.0,14842,9,Y,No,13,3,2,80,1,,3,4,13,7,5,7
1359,6583.0,20115,2,Y,Yes,11,3,4,80,1,,2,3,5,2,1,4
1360,8103.0,16495,3,Y,Yes,12,3,3,80,0,9.0,3,2,4,2,0,1
1361,3978.0,16031,8,Y,No,12,3,2,80,1,4.0,0,2,2,2,2,2
1362,2544.0,7102,0,Y,No,18,3,1,80,1,,3,3,7,7,7,7
1363,5399.0,14511,4,Y,No,12,3,3,80,0,12.0,3,3,4,2,0,3
1364,5487.0,10410,1,Y,No,14,3,2,80,0,10.0,2,2,10,4,0,9
1365,,19255,1,Y,Yes,12,3,3,80,1,7.0,2,3,7,7,0,7
1366,1091.0,10642,1,Y,No,17,3,4,80,0,1.0,3,3,1,0,0,0
1367,5736.0,3987,6,Y,No,19,3,3,80,1,10.0,1,3,3,2,1,2
1368,2226.0,6073,1,Y,No,11,3,3,80,1,6.0,3,2,5,3,1,2
1369,5747.0,26496,1,Y,Yes,15,3,2,80,0,,3,3,15,10,6,11
1370,9854.0,23352,3,Y,Yes,11,3,4,80,0,6.0,0,3,2,0,2,2
1371,,2125,8,Y,No,18,3,3,80,1,,4,4,8,7,1,7
1372,5380.0,20328,4,Y,No,16,3,3,80,1,6.0,3,3,0,0,0,0
1373,,12315,1,Y,No,25,4,4,80,1,10.0,3,3,10,0,7,9
1374,2133.0,18115,1,Y,Yes,16,3,3,80,1,20.0,3,3,20,11,0,7
1375,,11761,4,Y,Yes,13,3,3,80,1,,2,2,1,0,0,0
1376,2432.0,15318,3,Y,Yes,14,3,1,80,0,8.0,2,3,4,1,0,3
1377,4771.0,14293,2,Y,No,19,3,4,80,2,10.0,0,4,5,2,0,3
1378,19161.0,13738,3,Y,No,15,3,4,80,0,28.0,3,3,5,4,4,3
1379,,2900,3,Y,Yes,12,3,3,80,2,14.0,4,3,0,0,0,0
1380,2863.0,19555,1,Y,No,12,3,1,80,0,1.0,2,3,1,0,0,0
1381,5561.0,15975,0,Y,No,16,3,4,80,1,,2,1,5,3,0,4
1382,2144.0,2122,1,Y,No,14,3,3,80,0,5.0,3,2,5,3,1,4
1383,3065.0,3995,1,Y,Yes,13,3,4,80,1,4.0,3,4,4,2,2,3
1384,2810.0,9238,1,Y,No,22,4,2,80,0,5.0,3,3,5,4,0,2
1385,9888.0,6770,1,Y,No,21,4,1,80,0,14.0,3,2,14,8,2,1
1386,,22914,1,Y,No,18,3,3,80,1,9.0,2,2,8,7,1,1
1387,,20006,0,Y,No,13,3,4,80,0,8.0,6,2,7,7,7,6
1388,5373.0,6225,0,Y,No,12,3,1,80,1,6.0,5,2,5,3,0,2
1389,,16542,5,Y,No,18,3,2,80,1,9.0,6,3,5,1,1,2
1390,5003.0,5771,1,Y,No,21,4,2,80,0,10.0,6,3,10,8,8,7
1391,2367.0,18779,5,Y,No,12,3,1,80,1,6.0,2,2,4,1,0,3
1392,2858.0,11473,4,Y,No,14,3,1,80,0,20.0,3,2,1,0,0,0
1393,5204.0,13586,1,Y,Yes,11,3,4,80,0,10.0,2,3,10,8,0,9
1394,4105.0,5099,1,Y,No,14,3,1,80,0,7.0,5,3,7,7,0,7
1395,,10138,8,Y,No,24,4,2,80,0,8.0,1,3,1,0,0,0
1396,,21075,1,Y,Yes,11,3,3,80,0,,4,3,10,7,0,8
1397,10448.0,5843,6,Y,Yes,13,3,2,80,0,15.0,2,2,2,2,2,2
1398,,22474,3,Y,No,11,3,3,80,2,9.0,6,2,4,3,2,3
1399,5968.0,18079,1,Y,No,20,4,3,80,3,9.0,2,3,9,7,2,8
1400,7510.0,16873,1,Y,No,17,3,2,80,1,,1,3,10,9,0,9
1401,2991.0,5224,0,Y,Yes,11,3,2,80,1,7.0,2,3,6,2,1,2
1402,19636.0,25811,4,Y,Yes,18,3,1,80,1,35.0,0,3,10,9,1,4
1403,1129.0,17536,1,Y,Yes,11,3,3,80,3,1.0,4,3,1,0,0,0
1404,,25098,0,Y,No,12,3,1,80,0,21.0,3,3,20,8,11,10
1405,4332.0,14811,1,Y,No,12,3,4,80,0,20.0,2,3,20,9,3,7
1406,11031.0,26862,4,Y,No,20,4,3,80,1,13.0,2,4,11,7,4,8
1407,4440.0,25198,6,Y,Yes,19,3,4,80,0,9.0,3,3,5,2,1,4
1408,4617.0,14120,1,Y,No,12,3,2,80,0,,2,2,4,3,1,2
1409,2647.0,13672,1,Y,No,13,3,3,80,0,5.0,6,4,5,2,1,4
1410,6323.0,26849,1,Y,No,11,3,1,80,1,10.0,2,4,10,9,9,4
1411,5677.0,4258,3,Y,No,14,3,3,80,1,,4,3,11,8,5,10
1412,2187.0,19655,4,Y,No,14,3,3,80,0,6.0,3,3,2,0,1,2
1413,3748.0,4077,1,Y,No,13,3,3,80,0,12.0,6,2,12,8,1,7
1414,3977.0,7298,6,Y,Yes,19,3,3,80,1,7.0,2,2,2,2,0,2
1415,8633.0,13084,2,Y,No,23,4,2,80,0,25.0,3,3,17,14,12,11
1416,2008.0,20439,1,Y,No,12,3,3,80,3,1.0,2,2,1,1,0,0
1417,4440.0,7636,0,Y,No,15,3,1,80,2,,3,3,15,13,5,8
1418,3067.0,6393,0,Y,No,19,3,3,80,1,3.0,1,3,2,2,1,2
1419,5321.0,14284,2,Y,No,11,3,4,80,1,10.0,1,3,8,3,7,7
1420,5410.0,11189,6,Y,Yes,17,3,3,80,1,9.0,3,2,4,3,1,2
1421,2782.0,21412,3,Y,No,22,4,1,80,1,12.0,3,3,5,3,1,0
1422,11957.0,17231,0,Y,No,18,3,1,80,2,14.0,3,1,13,8,5,12
1423,,20232,7,Y,Yes,11,3,3,80,1,,3,3,2,2,2,2
1424,,17624,0,Y,No,12,3,4,80,0,4.0,2,4,3,2,1,2
1425,5098.0,18698,1,Y,No,19,3,2,80,0,10.0,5,3,10,7,0,8
1426,,21653,0,Y,Yes,13,3,1,80,1,10.0,6,3,9,7,8,1
1427,2837.0,15919,1,Y,No,13,3,3,80,0,6.0,3,3,6,2,4,1
1428,2406.0,4060,8,Y,No,19,3,3,80,2,8.0,3,2,1,0,0,0
1429,2269.0,18024,0,Y,No,14,3,2,80,1,3.0,2,3,2,2,2,2
1430,,5340,7,Y,No,13,3,1,80,0,18.0,2,3,7,7,1,7
1431,13206.0,3376,3,Y,No,12,3,1,80,1,,3,3,18,16,1,11
1432,10422.0,24032,1,Y,No,19,3,3,80,2,14.0,3,3,14,10,5,7
1433,13744.0,15471,1,Y,Yes,25,4,1,80,1,16.0,2,3,16,11,6,8
1434,4907.0,13684,0,Y,Yes,22,4,2,80,1,6.0,3,2,5,3,0,4
1435,3482.0,19788,2,Y,No,15,3,2,80,2,16.0,3,2,9,8,0,0
1436,2436.0,13422,6,Y,Yes,12,3,3,80,0,6.0,2,3,4,3,1,2
1437,2380.0,25479,1,Y,Yes,11,3,4,80,0,2.0,6,3,2,2,1,2
1438,19431.0,15302,2,Y,No,13,3,3,80,0,21.0,3,2,6,0,1,3
1439,1790.0,26956,1,Y,No,19,3,1,80,1,1.0,3,2,1,0,1,0
1440,7644.0,12695,0,Y,No,19,3,3,80,2,10.0,2,3,9,7,3,4
1441,5131.0,9192,7,Y,No,13,3,2,80,3,18.0,3,3,4,2,0,2
1442,6306.0,26236,1,Y,No,21,4,1,80,1,13.0,2,2,13,12,1,9
1443,4787.0,26124,9,Y,Yes,14,3,2,80,3,,3,4,2,2,2,2
1444,,17312,5,Y,No,11,3,1,80,0,24.0,2,2,22,6,4,14
1445,,3666,8,Y,No,11,3,4,80,1,14.0,4,1,10,9,9,8
1446,,5640,0,Y,No,23,4,3,80,1,21.0,3,3,20,7,0,10
1447,6712.0,8978,1,Y,No,21,4,4,80,2,,2,3,8,7,1,7
1448,5406.0,10436,1,Y,No,24,4,1,80,1,15.0,4,2,15,12,11,11
1449,8938.0,12227,2,Y,No,11,3,3,80,1,14.0,5,3,5,4,0,4
1450,2439.0,11288,1,Y,No,14,3,4,80,0,,4,3,4,2,1,2
1451,8837.0,16642,1,Y,Yes,16,3,3,80,0,,2,3,9,0,1,7
1452,5343.0,5982,1,Y,No,11,3,3,80,1,10.0,1,3,10,7,1,9
1453,,14255,7,Y,No,12,3,4,80,2,12.0,3,3,6,3,0,1
1454,6652.0,14369,4,Y,No,13,3,1,80,1,8.0,2,2,6,3,0,0
1455,4850.0,23333,8,Y,No,15,3,3,80,0,8.0,3,3,5,3,0,1
1456,2809.0,2725,2,Y,No,14,3,4,80,0,,2,3,2,2,2,2
1457,5689.0,24594,1,Y,Yes,14,3,4,80,2,,2,4,10,2,0,2
1458,2001.0,12549,2,Y,No,14,3,2,80,3,20.0,2,3,5,3,0,2
1459,2977.0,8952,1,Y,No,12,3,4,80,1,4.0,5,3,4,3,1,1
1460,4025.0,23679,4,Y,Yes,13,3,1,80,1,,2,3,4,3,0,3
1461,3785.0,8489,1,Y,No,14,3,2,80,0,5.0,3,1,5,4,0,4
1462,10854.0,16586,4,Y,Yes,13,3,2,80,1,20.0,3,3,3,2,2,0
1463,12031.0,8828,0,Y,No,11,3,1,80,1,21.0,2,2,20,9,9,6
1464,,3787,0,Y,No,19,3,2,80,0,10.0,2,3,9,4,1,7
1465,2966.0,21378,0,Y,No,18,3,4,80,0,5.0,2,3,4,2,0,0
1466,2571.0,12290,4,Y,No,17,3,3,80,1,17.0,3,3,5,2,0,3
1467,9991.0,21457,4,Y,No,15,3,1,80,1,9.0,5,3,7,7,1,7
1468,6142.0,5174,1,Y,Yes,20,4,2,80,1,6.0,0,3,6,2,0,3
1469,5390.0,13243,2,Y,No,14,3,4,80,0,17.0,3,2,9,6,0,8
1470,,10228,2,Y,No,12,3,1,80,0,6.0,3,4,4,3,1,2
